,recording_time_ns,dt,wind_enabled,pos_x,pos_y,pos_z,pos_roll,pos_pitch,pos_yaw,targetpos_x,targetpos_y,targetpos_z,targetpos_yaw,control_vel_x,control_vel_y,control_vel_z,control_vel_yaw,experiment_id
383,1777300894777450486,1777300894.776707,False,-0.7733900408066476,1.6155694201793296,0.8415834146262964,-0.0031537005897702,0.0963431480245621,-0.1528412274955919,-2.0,0.0,2.0,0.0,-0.3,-0.3,0.3,0.091704736497355,2
384,1777300894896531669,0.1191070079803466,False,-0.7719801345713031,1.619141223952273,0.8429238411377974,-0.0012093994897484,0.0956890828385953,-0.1503603086186702,-2.0,0.0,2.0,0.0,-0.3,-0.3,0.3,0.0902161851712021,2
385,1777300894977780238,0.0811688899993896,False,-0.7700408048852313,1.6224362951821212,0.8441965329669634,0.0016656229471365,0.0870981590253996,-0.15249649353319,-2.0,0.0,2.0,0.0,-0.3,-0.3,0.3,0.091497896119914,2
386,1777300895078410873,0.1004166603088378,False,-0.7682607822745786,1.6258630301665298,0.8450654425356271,0.0065955541951229,0.0861665296990486,-0.1541147078462943,-2.0,0.0,2.0,0.0,-0.3,-0.3,0.3,0.0924688247077765,2
387,1777300895178072996,0.0992720127105712,False,-0.7662823451080363,1.628359746969316,0.845961750362145,0.0067609057667161,0.0832472055051606,-0.1520901014276652,-2.0,0.0,2.0,0.0,-0.3,-0.3,0.3,0.0912540608565991,2
388,1777300895278199123,0.1006183624267578,False,-0.7641655944593996,1.6301824445949775,0.8469820529148108,0.0094654355738967,0.0797112371616826,-0.1535793615062854,-2.0,0.0,2.0,0.0,-0.3,-0.3,0.3,0.0921476169037712,2
389,1777300895378727051,0.1002581119537353,False,-0.762865303840364,1.6310052476700965,0.8472579717420631,0.00531798008267,0.0840267997163897,-0.1540969695505019,-2.0,0.0,2.0,0.0,-0.3,-0.3,0.3,0.0924581817303012,2
390,1777300895478279535,0.0998482704162597,False,-0.7615920350114134,1.6306176362693534,0.8468902542465603,0.0011008452579449,0.0870503300119315,-0.1508470778515003,-2.0,0.0,2.0,0.0,-0.3,-0.3,0.3,0.0905082467109003,2
391,1777300895581540196,0.1032183170318603,False,-0.7664092153870147,1.6151082045711984,0.8568867703088212,-0.0207505853014979,0.0731379624320816,-0.1556326554273366,-2.0,0.0,2.0,0.0,-0.3,-0.3,0.3,0.0933795932564019,2
392,1777300895674007306,0.0926883220672607,False,-0.7662703456462665,1.6134689096410857,0.8564226958518399,-0.0251816232928248,0.0587938893148812,-0.1578224581112159,-2.0,0.0,2.0,0.0,-0.3,-0.3,0.3,0.0946934748667295,2
393,1777300895796071614,0.1221611499786377,False,-0.7649385749855581,1.6127607330034126,0.8543755518326326,-0.0183513549776148,0.0757882782774335,-0.1483446551333132,-2.0,0.0,2.0,0.0,-0.3,-0.3,0.3,0.0890067930799879,2
394,1777300895877664508,0.0815687179565429,False,-0.758884401046642,1.6249938988201738,0.844047041026101,-0.0048141802487307,0.0833997149716329,-0.1500388376831868,-2.0,0.0,2.0,0.0,-0.3,-0.3,0.3,0.090023302609912,2
395,1777300895979340200,0.1015574932098388,False,-0.7589679631108047,1.6232687159029229,0.8437742071052792,-0.0097672972990815,0.0867815622802165,-0.1439328413978917,-2.0,0.0,2.0,0.0,-0.3,-0.3,0.3,0.086359704838735,2
396,1777300896077323784,0.0980639457702636,False,-0.7592536058608224,1.6220208984058562,0.8433498409092584,-0.0120816024866731,0.0849381488765896,-0.1481898541559932,-2.0,0.0,2.0,0.0,-0.3,-0.3,0.3,0.088913912493596,2
397,1777300896176730240,0.0996899604797363,False,-0.7599671390327868,1.621562189025032,0.8424848580879942,-0.0152932035725841,0.0809453830749784,-0.1435912592399674,-2.0,0.0,2.0,0.0,-0.3,-0.3,0.3,0.0861547555439805,2
398,1777300896277533558,0.1003880500793457,False,-0.7613222573641368,1.6217128932836704,0.8415275595426406,-0.0118903719847225,0.082328127296783,-0.1437543876453996,-2.0,0.0,2.0,0.0,-0.3,-0.3,0.3,0.0862526325872398,2
399,1777300896378071758,0.1003930568695068,False,-0.7630827343105019,1.622443716423903,0.8407392697602175,-0.0082185940247629,0.0834982345733417,-0.1482406722184411,-2.0,0.0,2.0,0.0,-0.3,-0.3,0.3,0.0889444033310647,2
400,1777300896479503393,0.1017630100250244,False,-0.7648462563832831,1.6231950391586327,0.840413736845757,-0.011023430085306,0.0806835165809392,-0.1436648662074588,-2.0,0.0,2.0,0.0,-0.3,-0.3,0.3,0.0861989197244753,2
401,1777300896577368610,0.0978877544403076,False,-0.7681433728880174,1.623128157597999,0.8425475793046073,0.0136661305400547,0.0630382390781686,-0.1498239157972811,-2.0,0.0,2.0,0.0,-0.3,-0.3,0.3,0.0898943494783686,2
402,1777300896677343220,0.0998637676239013,False,-0.7731951996243065,1.621656339958501,0.848877413326312,0.0228461720600632,0.0412616237884196,-0.1402435621957725,-2.0,0.0,2.0,0.0,-0.3,-0.3,0.3,0.0841461373174635,2
403,1777300896777478093,0.1000616550445556,False,-0.7815127611919208,1.6170777005204915,0.8592348963231301,0.0231205044547193,0.0331602960162889,-0.1415937084433478,-2.0,0.0,2.0,0.0,-0.3,-0.3,0.3,0.0849562250660087,2
404,1777300896877685880,0.1004993915557861,False,-0.7996951989103925,1.5952433159673025,0.8821337917732099,0.0044703802974395,0.0161860903421749,-0.1563797515660944,-2.0,0.0,2.0,0.0,-0.3,-0.3,0.3,0.0938278509396567,2
405,1777300896978994106,0.1011900901794433,False,-0.8100566693539731,1.598304497614328,0.8880263965726691,0.0338561418582256,0.0356055791222605,-0.1499870580065006,-2.0,0.0,2.0,0.0,-0.3,-0.3,0.3,0.0899922348039004,2
406,1777300897087578399,0.1087551116943359,False,-0.8370343751831857,1.5682961328448315,0.9158558218399954,0.0177662902160388,0.0214763139723154,-0.1622764899765744,-2.0,0.0,2.0,0.0,-0.3,-0.3,0.3,0.0973658939859445,2
407,1777300897184340887,0.0965466499328613,False,-0.8569014438670621,1.5538005071875134,0.9310854577850162,0.016035607583062,0.0341630589607054,-0.1557890820886553,-2.0,0.0,2.0,0.0,-0.3,-0.3,0.3,0.0934734492531932,2
408,1777300897288369625,0.1033220291137695,False,-0.8779875195360186,1.5463954388853616,0.9418051038933424,0.024790118453775,0.0387502961165017,-0.1599209733994991,-2.0,0.0,2.0,0.0,-0.3,-0.3,0.3,0.0959525840396995,2
409,1777300897379828953,0.0920698642730712,False,-0.910536083148587,1.5120403896197856,0.9684340699227512,0.0008448256830561,0.0317042824284878,-0.1728841382960635,-2.0,0.0,2.0,0.0,-0.3,-0.3,0.3,0.1037304829776379,2
410,1777300897478433550,0.0985321998596191,False,-0.9403424204427128,1.4890531836019223,0.9874046735825566,0.0127805339370936,0.0372810622081998,-0.1701853980320412,-2.0,0.0,2.0,0.0,-0.3,-0.3,0.3,0.1021112388192246,2
411,1777300897578350869,0.0999932289123535,False,-0.972942198838898,1.4636759451373322,1.0061623607189385,-0.0007161329815562,0.0150840313856256,-0.1886102444526747,-2.0,0.0,2.0,0.0,-0.3,-0.3,0.3,0.1131661466716048,2
412,1777300897680437867,0.1020388603210449,False,-1.0066145647369786,1.43849783566323,1.023333040521945,0.0147228763505554,0.0359911395863991,-0.1769424022318055,-2.0,0.0,2.0,0.0,-0.3,-0.3,0.3,0.1061654413390833,2
413,1777300897786113648,0.105337381362915,False,-1.042504281880194,1.411807799139945,1.040487766999906,0.0109846288758541,0.0375472470077393,-0.1747894188327705,-2.0,0.0,2.0,0.0,-0.3,-0.3,0.3,0.1048736512996624,2
414,1777300897887033458,0.1012310981750488,False,-1.0837767397854057,1.381277514581246,1.0592234915197214,0.0006336709403955,0.0371785405594641,-0.1805533914938541,-2.0,0.0,2.0,0.0,-0.2878967816759932,-0.3,0.3,0.1083320348963123,2
415,1777300897987334704,0.1004877090454101,False,-1.122934823217245,1.3521610066528822,1.0757468130040448,-0.0049307182176705,0.024152979890621,-0.1884014344266164,-2.0,0.0,2.0,0.0,-0.266425156476776,-0.3,0.3,0.1130408606559697,2
416,1777300898087093249,0.0995776653289794,False,-1.162959063094203,1.3231508961027152,1.0910659187652183,0.0012906374130608,0.0435300610948628,-0.1783197400529499,-2.0,0.0,2.0,0.0,-0.2502762120036683,-0.3,0.3,0.10699184403177,2
417,1777300898187537875,0.1004843711853027,False,-1.2038174854236028,1.2937122292685226,1.1066485870962688,-0.0022309283599976,0.0451380379689072,-0.1807421889248421,-2.0,0.0,2.0,0.0,-0.2261952550638047,-0.3,0.3,0.1084453133549051,2
418,1777300898286718521,0.0993473529815673,False,-1.2449183691631311,1.2632040074904396,1.1225965041249129,-0.0005144394425145,0.0556081214911498,-0.1790419025361819,-2.0,0.0,2.0,0.0,-0.2051085730354026,-0.3,0.3,0.1074251415217092,2
419,1777300898380988201,0.0940687656402587,False,-1.2817674757651505,1.2354236924280413,1.1363348543888263,-0.0006045702730039,0.0568910173640339,-0.1760561964144433,-2.0,0.0,2.0,0.0,-0.1942652164083297,-0.3,0.3,0.105633717848666,2
420,1777300898481443322,0.1002974510192871,False,-1.3220446218256965,1.2039617422080422,1.1518335367330796,-0.0041287953213414,0.062821771539222,-0.1768517229433309,-2.0,0.0,2.0,0.0,-0.1713020162258536,-0.3,0.3,0.1061110337659986,2
421,1777300898582403887,0.1009700298309326,False,-1.3613051163750791,1.1715946540402564,1.1671695691082145,0.0026942320258283,0.0617629081468136,-0.1783111696454664,-2.0,0.0,2.0,0.0,-0.1547157643816633,-0.3,0.3,0.1069867017872798,2
422,1777300898686347827,0.104332685470581,False,-1.402992508496189,1.1352764957004708,1.1840725859500831,-0.0009016366986911,0.0670956445110571,-0.1786517428546137,-2.0,0.0,2.0,0.0,-0.1320548505408752,-0.3,0.3,0.1071910457127682,2
423,1777300898787798592,0.1012663841247558,False,-1.4391271277844038,1.10142792076065,1.1994300466997596,0.001328359276011,0.0738554171794493,-0.1763984041234922,-2.0,0.0,2.0,0.0,-0.1275409825459976,-0.3,0.3,0.1058390424740953,2
424,1777300898893080485,0.1052727699279785,False,-1.4732477743830104,1.0668900868615132,1.214421895136622,0.0035946980168194,0.073668272222588,-0.1750666293481273,-2.0,0.0,2.0,0.0,-0.1211200506528859,-0.3,0.3,0.1050399776088765,2
425,1777300898994923751,0.1019732952117919,False,-1.5048571575463026,1.0313275881879196,1.2292344056313955,0.0046474329319607,0.0837229194525606,-0.1753126277506539,-2.0,0.0,2.0,0.0,-0.1112841765123285,-0.3,0.3,0.1051875766503924,2
426,1777300899089721564,0.0946342945098877,False,-1.5345787894336484,0.9954048537901188,1.2438830612047669,7.692156135220423e-05,0.0767300427844017,-0.1754609858728211,-2.0,0.0,2.0,0.0,-0.0978142104541476,-0.3,0.3,0.1052765915236925,2
427,1777300899187456793,0.097543716430664,False,-1.5622452741347057,0.9587526630597258,1.2579556234126126,-0.0014822771600349,0.0755478697603987,-0.1778816307156972,-2.0,0.0,2.0,0.0,-0.0929198167930831,-0.3,0.3,0.1067289784294183,2
428,1777300899287009134,0.0997745990753173,False,-1.5877369763562788,0.9221313391997612,1.2719758346158725,-0.0157856663253617,0.0491322898788123,-0.190175779763568,-2.0,0.0,2.0,0.0,-0.0838597586455533,-0.3,0.3,0.1141054678581407,2
429,1777300899387236906,0.1001567840576171,False,-1.6111969922934386,0.8845003035686738,1.2869015120256446,0.0172443448751475,0.0845861284175479,-0.1747479718608633,-2.0,0.0,2.0,0.0,-0.0878586769734434,-0.3,0.3,0.1048487831165179,2
430,1777300899490031490,0.1026327610015869,False,-1.6332473573895692,0.8464249306860632,1.300889732024548,0.0026415292329994,0.0683187162401687,-0.1771325882107205,-2.0,0.0,2.0,0.0,-0.0832860106515952,-0.3,0.3,0.1062795529264322,2
431,1777300899582715360,0.0930430889129638,False,-1.6514983653938051,0.8121907325743742,1.3139803452181245,0.0066044167835997,0.0733773790881416,-0.1754651163686877,-2.0,0.0,2.0,0.0,-0.082147263302492,-0.3,0.3,0.1052790698212128,2
432,1777300899686850995,0.1041343212127685,False,-1.6724659807129258,0.7700248332896956,1.3299186184679206,0.0031369060728837,0.0691215537326441,-0.1813309287835834,-2.0,0.0,2.0,0.0,-0.0724707779182697,-0.3,0.3,0.10879855727015,2
433,1777300899786869281,0.0999369621276855,False,-1.6905554107294551,0.7313946104150019,1.3451682533501517,0.0015069436993024,0.0652147816839502,-0.1842975601699474,-2.0,0.0,2.0,0.0,-0.0699711828832913,-0.3,0.3,0.1105785361019683,2
434,1777300899888566115,0.1016657352447509,False,-1.710683420821406,0.6956209230740537,1.3633795701689642,-0.0053019353065104,0.0909828791015677,-0.2188044539349464,-2.0,0.0,2.0,0.0,-0.0437902847428439,-0.3,0.3,0.1312826723609679,2
435,1777300899991809375,0.1034433841705322,False,-1.7239228442911,0.652204493931541,1.3758870082124206,0.0103847945847279,0.079437081809399,-0.1899792492069801,-2.0,0.0,2.0,0.0,-0.0748412240487864,-0.2846636278421512,0.3,0.113987549524188,2
436,1777300900120758205,0.1286978721618652,False,-1.74129257743169,0.6217782977132736,1.3922170964605154,0.0440947017273896,0.0646451801278113,-0.1529202114799458,-2.0,0.0,2.0,0.0,-0.0673721986575552,-0.3,0.3,0.0917521268879675,2
437,1777300900189758064,0.0691876411437988,False,-1.7573058796882408,0.5720301851353662,1.4099621446481077,0.0030200041907023,0.0720319856540697,-0.1895557859843543,-2.0,0.0,2.0,0.0,-0.0507921620947317,-0.1395791085229508,0.3,0.1137334715906126,2
438,1777300900286483850,0.0969376564025878,False,-1.7730626105760434,0.5304997735370247,1.4273866623142075,-0.0203603206293381,0.066200571692593,-0.2109964825727268,-2.0,0.0,2.0,0.0,-0.0457157368843713,-0.2038683825977259,0.3,0.1265978895436361,2
439,1777300900386844466,0.1001312732696533,False,-1.7869217470120768,0.4896934190560241,1.4448639905485672,-0.0113419884875994,0.0884289773827989,-0.2005140792006801,-2.0,0.0,2.0,0.0,-0.0504248480765895,-0.1853136414102991,0.3,0.1203084475204079,2
440,1777300900487369423,0.100327730178833,False,-1.8019953355790197,0.4505708058766485,1.4626477198685426,-0.0198371222808724,0.0576813642567556,-0.1770798654203854,-2.0,0.0,2.0,0.0,-0.0455618696268089,-0.1639477960205565,0.3,0.1062479192522313,2
441,1777300900588105899,0.1003544330596923,False,-1.8129610959739368,0.4118702867892642,1.479293256867252,-0.0201465164450637,0.0300395197168396,-0.1785303485821255,-2.0,0.0,2.0,0.0,-0.0548396588448947,-0.1434493011652139,0.3,0.1071182091492754,2
442,1777300900691861563,0.1040091514587402,False,-1.8258579505339751,0.3775353196945242,1.4979774145893932,-0.0261184907422307,0.0466921895895436,-0.1912939892507487,-2.0,0.0,2.0,0.0,-0.0418196945561409,-0.1379543072551818,0.3,0.1147763935504492,2
443,1777300900786770169,0.0952191352844238,False,-1.8352850299055816,0.3435854297996693,1.5144284294497703,-0.0346522551927805,0.0411734694588705,-0.2045028392970156,-2.0,0.0,2.0,0.0,-0.0475441908051006,-0.1111594356490092,0.2913429423301378,0.1227017035782093,2
444,1777300900887415582,0.1000037193298339,False,-1.8471789110957704,0.3136372508247501,1.5330901604567453,-0.0305844455125863,0.065289370146387,-0.2065956825689459,-2.0,0.0,2.0,0.0,-0.0346485898606455,-0.1077396857135084,0.2801459037259528,0.1239574095413675,2
445,1777300900986647118,0.0999934673309326,False,-1.8570346615753044,0.286339922360415,1.5510501530154273,-0.0433956043538811,0.0596262507210902,-0.2042094999695864,-2.0,0.0,2.0,0.0,-0.0368096194570273,-0.0994375090642786,0.2693699081907436,0.1225256999817517,2
446,1777300901086869463,0.100175142288208,False,-1.8677034966618868,0.2619353329826563,1.5693759427556742,-0.0411905621414498,0.0731624304867471,-0.2000902253231877,-2.0,0.0,2.0,0.0,-0.0297704708243703,-0.0918245720167995,0.2583744343465955,0.1200541351939125,2
447,1777300901203331841,0.1162569522857666,False,-1.877825669072633,0.2381702670672108,1.5881224982214397,-0.0483022133320205,0.0683142702608808,-0.2080893691367327,-2.0,0.0,2.0,0.0,-0.0293135500169368,-0.0895646783211956,0.2471265010671363,0.1248536214820397,2
448,1777300901287588365,0.0836710929870605,False,-1.8857027518871643,0.2210190906280875,1.603293754292948,-0.034525520030631,0.0624136874658845,-0.2029165382854187,-1.0,1.0,3.0,-1.5,0.3,0.3,0.3,-0.7782500770287487,2
449,1777300901386783199,0.0999891757965087,False,-1.8941588535786151,0.2045307043950754,1.6191993037540122,-0.041100096754943,0.076568226923948,-0.2085821264812271,-1.0,1.0,3.0,-1.5,0.3,0.3,0.3,-0.7748507241112638,2
450,1777300901489218620,0.1023759841918945,False,-1.9008926574700284,0.192391397540577,1.6353009631904538,-0.0573845957885885,0.101460071552872,-0.2553188949839216,-1.0,1.0,3.0,-1.5,0.3,0.3,0.3,-0.746808663009647,2
451,1777300901588819065,0.0996003150939941,False,-1.903201134795464,0.1843717968391385,1.6513202888490055,-0.0653602010102991,0.129288812498634,-0.3045603308985405,-1.0,1.0,3.0,-1.5,0.3,0.3,0.3,-0.7172638014608756,2
452,1777300901690339844,0.1013948917388916,False,-1.900690356123255,0.1816860219270745,1.668296250205089,-0.073088568370919,0.1585404463354951,-0.3614812788820615,-1.0,1.0,3.0,-1.5,0.3,0.3,0.3,-0.6831112326707629,2
453,1777300901787314202,0.0969138145446777,False,-1.8901089042293175,0.1844837977943928,1.6850994347780524,-0.0578795005991452,0.1604781607742932,-0.4107564851670729,-1.0,1.0,3.0,-1.5,0.2676860000465021,0.3,0.3,-0.6535461088997563,2
454,1777300901887530865,0.1002352237701416,False,-1.8712848678997904,0.1924056890120129,1.7018764902580672,-0.0451037306006396,0.161226111358463,-0.4609416427241263,-1.0,1.0,3.0,-1.5,0.212771024029596,0.3,0.3,-0.6234350143655242,2
455,1777300901992248769,0.1048314571380615,False,-1.845692351892788,0.2039630810588384,1.719030007212543,-0.0378378300198215,0.1581455486896254,-0.5079598467653317,-1.0,1.0,3.0,-1.5,0.163130472081875,0.3,0.3,-0.595224091940801,2
456,1777300902092071930,0.0998120307922363,False,-1.812739159692891,0.2182178605028817,1.7355313687558174,-0.0582413363822271,0.1515134696438788,-0.5437523932716011,-1.0,1.0,3.0,-1.5,0.1120440649323137,0.3,0.3,-0.5737485640370393,2
457,1777300902196810743,0.1048231124877929,False,-1.770891195648109,0.2376919974289672,1.75363635892938,-0.0555172826099827,0.1329575694651546,-0.5777952958074101,-1.0,1.0,3.0,-1.5,0.067752664039547,0.3,0.3,-0.5533228225155539,2
458,1777300902289481838,0.0926523208618164,False,-1.7325450200835906,0.256195614277261,1.7668946555613472,-0.022183786255135,0.0738997169487564,-0.6102649984557225,-1.0,1.0,3.0,-1.5,0.0370183561994607,0.3,0.3,-0.5338410009265665,2
459,1777300902397241381,0.1077535152435302,False,-1.682797581102827,0.2811179827814154,1.785138112426791,-0.0091035991362405,0.1018695797817399,-0.6450674686261042,-1.0,1.0,3.0,-1.5,-0.0009335355228472,0.3,0.3,-0.5129595188243374,2
460,1777300902496856013,0.0996615886688232,False,-1.636595085374598,0.3065923534091768,1.8015477292354327,-0.0079690991421728,0.0910353047515419,-0.67315412049419,-1.0,1.0,3.0,-1.5,-0.0216798884549113,0.3,0.3,-0.496107527703486,2
461,1777300902596436926,0.0995533466339111,False,-1.5894124600284931,0.3339038326360219,1.816650849734092,-0.0100020301773683,0.0701704527216691,-0.6942631313516058,-1.0,1.0,3.0,-1.5,-0.0405344176430246,0.3,0.3,-0.4834421211890364,2
462,1777300902717733670,0.1214513778686523,False,-1.5439820935828177,0.36395310531529,1.8321884000777535,-0.0129058884665506,0.058783426441768,-0.7162703275302257,-1.0,1.0,3.0,-1.5,-0.0402929923070772,0.3,0.3,-0.4702378034818645,2
463,1777300902807851659,0.0900330543518066,False,-1.499710439397382,0.3961840368028146,1.8481047436810627,-0.0035620517470005,0.0612197636102763,-0.721072601162476,-1.0,1.0,3.0,-1.5,-0.053879270902653,0.2920018149200308,0.3,-0.4673564393025145,2
464,1777300902890539262,0.082571268081665,False,-1.461224133586995,0.426328973393871,1.8618454352091944,-0.019835996717795,0.0672917333158505,-0.7295634371553453,-1.0,1.0,3.0,-1.5,-0.05436612318475,0.2661985834307807,0.3,-0.4622619377067927,2
465,1777300902995145592,0.1047408580780029,False,-1.4213542228817808,0.4633540119729171,1.8774733850171053,0.0005555115028273,0.0678817926094316,-0.7538814046714487,-1.0,1.0,3.0,-1.5,-0.046748489110746,0.2523078676365583,0.3,-0.4476711571971308,2
466,1777300903098079067,0.1027336120605468,False,-1.379145104526157,0.5050681261160794,1.893328652918825,0.005822152046429,0.0627432617740735,-0.7707281373533903,-1.0,1.0,3.0,-1.5,-0.0472429539950734,0.1982628615213577,0.3,-0.4375631175879659,2
467,1777300903199837198,0.1018652915954589,False,-1.3416229581525758,0.5392449584086088,1.9108539553515524,0.0011625228022729,0.0648957783260558,-0.7938409270104573,-1.0,1.0,3.0,-1.5,-0.0591214161744065,0.1906163972618708,0.3,-0.4236954437937257,2
468,1777300903294148125,0.0942013263702392,False,-1.3131935174270006,0.5798830997715826,1.920398133656622,0.0173986255844894,0.0794492968927069,-0.7739808202206937,-1.0,1.0,3.0,-1.5,-0.0160934864767268,0.155777817846577,0.3,-0.4356115078675836,2
469,1777300903398660330,0.104572057723999,False,-1.2778526956936775,0.6240552667820572,1.9357707523680607,0.037254407368898,0.0935816622824437,-0.7868962106604046,-1.0,1.0,3.0,-1.5,-0.0238757738878863,0.1160492324445583,0.3,-0.4278622736037571,2
470,1777300903499287727,0.1000256538391113,False,-1.2484164831351807,0.6611836317799923,1.950607618979444,0.0557775486789222,0.0771163531609438,-0.8476028873589433,-1.0,1.0,3.0,-1.5,-0.0287095748877084,0.1063942778550868,0.3,-0.3914382675846339,2
471,1777300903602274676,0.103717565536499,False,-1.2212431482738957,0.699338535353767,1.9644373689871268,0.0545900456434051,0.0626241902140918,-0.867630102786221,-1.0,1.0,3.0,-1.5,-0.0184086241218799,0.0865910066605391,0.3,-0.3794219383282673,2
472,1777300903704576615,0.1022562980651855,False,-1.1956433498337975,0.7356877075984659,1.9774345324484517,0.0469880881459835,0.0641567821898863,-0.8723561755230969,-1.0,1.0,3.0,-1.5,-0.0125948254697492,0.0657834174724202,0.3,-0.3765862946861418,2
473,1777300903807879537,0.1031653881072998,False,-1.181447519476532,0.7808270536939858,1.9871085606704628,0.0688442798074576,0.0532290488651069,-0.9053201333011638,-1.0,1.0,3.0,-1.5,0.0415415890909826,0.0533146690596771,0.3,-0.3568079200193018,2
474,1777300903898426788,0.0905325412750244,False,-1.162784843914349,0.8080266888581267,1.9990094240581195,0.0671109370571837,0.0511782687307375,-0.9168774849762495,-1.0,1.0,3.0,-1.5,0.0019103644346756,0.0436759206663008,0.3,-0.3498735090142501,2
475,1777300903997828186,0.0994033813476562,False,-1.144475266710857,0.8347450041569137,2.013342426958985,0.0760258128682772,0.0473867891817452,-0.9286458652204216,-1.0,1.0,3.0,-1.5,0.0039935115028423,0.0362570012138086,0.3,-0.3428124808677471,2
476,1777300904097680195,0.0998246669769287,False,-1.129372121211391,0.8585954758290202,2.028266888461675,0.0733337371686898,0.0485377940027141,-0.9431033432795486,-1.0,1.0,3.0,-1.5,0.0082744486981202,0.0338218029265496,0.3,-0.3341379940322708,2
477,1777300904197434482,0.0998554229736328,False,-1.1155825981846963,0.8792004166006268,2.0427704327633918,0.0759241079460324,0.0500946208944729,-0.950054555351021,-1.0,1.0,3.0,-1.5,0.0076374361065558,0.0288634151079673,0.3,-0.3299672667893874,2
478,1777300904300674991,0.1031022071838378,False,-1.105772435808173,0.897630232236253,2.058624471225164,0.0830998017149594,0.0479655887382388,-0.9571672735447876,-1.0,1.0,3.0,-1.5,0.0137336806127814,0.0330373294760554,0.3,-0.3256996358731273,2
479,1777300904397664618,0.096952199935913,False,-1.0858261197286678,0.9139430147341628,2.0703819526382348,0.0634565104830909,0.0468047465747048,-0.9638976065977154,-1.0,1.0,3.0,-1.5,-0.0067819191132754,-0.0077384188779728,0.3,-0.3216614360413707,2
480,1777300904498443116,0.1005694866180419,False,-1.0916903280755943,0.926612970410612,2.0925748691049684,0.0642219436524969,0.0441532637874546,-0.9865190580200006,-1.0,1.0,3.0,-1.5,0.0347918933450987,0.0639196833264506,0.3,-0.3080885651879995,2
481,1777300904603339982,0.1050550937652587,False,-1.0772738675172695,0.9404094537299392,2.1053730060108475,0.0443704511077395,0.0343864115742065,-0.9900141926700008,-1.0,1.0,3.0,-1.5,0.0058970586544356,0.0023449387634858,0.3,-0.3059914843979995,2
482,1777300904704629115,0.1014473438262939,False,-1.0761992089542978,0.952758204623242,2.123055988191619,0.0637384645947472,0.0325435306681585,-1.0044126667598954,-1.0,1.0,3.0,-1.5,0.0297235659656871,0.0315132477039704,0.3,-0.2973523999440626,2
483,1777300904797362956,0.0926811695098877,False,-1.078264241889402,0.963117561567977,2.142466126924785,0.0360855870339376,0.0869871304475645,-0.9897413172466832,-1.0,1.0,3.0,-1.5,0.0389762898094267,0.0385801538862849,0.3,-0.3061552096519901,2
484,1777300904899217246,0.1019189357757568,False,-1.0809828474543848,0.9758914497844828,2.158678818349791,0.0493566706682794,0.0535209807737257,-1.0212170184839853,-1.0,1.0,3.0,-1.5,0.0492878494838366,0.0361744024962608,0.3,-0.2872697889096089,2
485,1777300905001880723,0.1021809577941894,False,-1.084790315312367,0.986386802187988,2.174087944122829,0.0520092777760063,0.051673782960241,-1.0371393068446515,-1.0,1.0,3.0,-1.5,0.0510625563751937,0.0419047741521903,0.3,-0.2777164158932089,2
486,1777300905104462044,0.1030640602111816,False,-1.0901299425716189,0.997627049690492,2.194039292854089,0.0585851503585539,0.0569335060139662,-1.0452002019843731,-1.0,1.0,3.0,-1.5,0.0620011581563458,0.0445222360016836,0.3,-0.2728798788093761,2
487,1777300905197993417,0.093545913696289,False,-1.0954149508772657,1.0084066346882326,2.2122103647759714,0.0511913927421738,0.0580471387295821,-1.0661169924460911,-1.0,1.0,3.0,-1.5,0.0705518940838331,0.0457932246117392,0.3,-0.2603298045323453,2
488,1777300905298955862,0.1012113094329834,False,-1.1043708515178874,1.0134871016557874,2.236361139643241,0.1292578032761649,0.1243923918436804,-1.0067602023941966,-1.0,1.0,3.0,-1.5,0.0672349180386402,0.0629801205354784,0.3,-0.2959438785634821,2
489,1777300905396262642,0.097008466720581,False,-1.1068558611249253,1.027400372754399,2.2473894556727405,0.0734196328340283,0.067681124799314,-1.085892705780926,-1.0,1.0,3.0,-1.5,0.0860787290465617,0.0358024725894926,0.3,-0.2484643765314443,2
490,1777300905501011778,0.104851484298706,False,-1.112542454860309,1.0374751860610223,2.267356303062334,0.0731008189818592,0.0685419103222584,-1.0899228304346846,-1.0,1.0,3.0,-1.5,0.0842520492244432,0.0505585794001428,0.3,-0.2460463017391892,2
491,1777300905615854639,0.1149568557739257,False,-1.116549275838867,1.0443565087774418,2.281583496190897,0.0609255174278665,0.0578987153967918,-1.1002429969929304,-1.0,1.0,3.0,-1.5,0.0761731317943623,0.0514415143873506,0.3,-0.2398542018042416,2
492,1777300905698202986,0.0822420120239257,False,-1.1214898552805834,1.0540408866144668,2.303772079827824,0.0573940158216094,0.0638499370579743,-1.115124405290809,-1.0,1.0,3.0,-1.5,0.1008470190768812,0.0518245859113272,0.3,-0.2309253568255147,2
493,1777300905797299487,0.0989496707916259,False,-1.126606310079438,1.0597388945304809,2.3235756346296133,0.0467111000460647,0.1351728169219071,-1.088412772272912,-1.0,1.0,3.0,-1.5,0.0894925419303764,0.0563965089068181,0.3,-0.2469523366362526,2
494,1777300905912207084,0.1151106357574462,False,-1.1346066472279033,1.0613106986313996,2.350918526226507,0.0769552919154456,0.0506598477111524,-1.1379008796645704,-1.0,1.0,3.0,-1.5,0.0797389186521588,0.0750905599067967,0.3,-0.2172594722012576,2
495,1777300905998079063,0.0856256484985351,False,-1.1374836916685087,1.0664500482401231,2.366838987490476,0.0651686865419336,0.0586722123403304,-1.1360631029677049,-1.0,1.0,3.0,-1.5,0.0914805413703796,0.0595839281576957,0.3,-0.2183621382193772,2
496,1777300906107314911,0.1092050075531005,False,-1.1437935417752114,1.0735122531572403,2.384853995399229,0.0776611921841066,0.0539689293513909,-1.1521503758785712,-1.0,1.0,3.0,-1.5,0.1001435328314933,0.068844781973148,0.3,-0.2087097744728573,2
497,1777300906201805213,0.0946578979492187,False,-1.1425349790375907,1.0768134062506411,2.4013760811620384,0.0755373359490267,0.0596456606172625,-1.15778343384094,-1.0,1.0,3.0,-1.5,0.0845200535641566,0.0519789561348323,0.3,-0.2053299396954358,2
498,1777300906307869356,0.1061711311340332,False,-1.137143973621283,1.0878492922395728,2.412680009811608,0.0506179550836211,0.1226464694306031,-1.1313724483347911,-1.0,1.0,3.0,-1.5,0.1044485282567967,0.0249935827547735,0.3,-0.2211765309991251,2
499,1777300906406391035,0.0984313488006591,False,-1.1384268905997683,1.0902685381809785,2.427213048128785,0.0266053321973488,0.1448873597342169,-1.1339433528364382,-1.0,1.0,3.0,-1.5,0.0925502159797822,0.0527643696627181,0.3,-0.219633988298137,2
500,1777300906498744181,0.0923128128051757,False,-1.1435666874399664,1.086971563532808,2.452711197991985,0.0809771694950051,0.0571358497332258,-1.1693153637167872,-1.0,1.0,3.0,-1.5,0.0783602927789937,0.0784605633069915,0.3,-0.1984107817699275,2
501,1777300906599582803,0.1007521152496337,False,-1.1379144002690489,1.0985590438915966,2.4601937978918453,0.0756891925568505,0.0511277801486119,-1.1658623990400818,-1.0,1.0,3.0,-1.5,0.1120347518904362,0.0236978540163219,0.3,-0.200482560575951,2
502,1777300906708237673,0.108823537826538,False,-1.1439328535210656,1.092738844327548,2.4894005651416737,0.0729305342767663,0.0469211970335781,-1.1889857339347705,-1.0,1.0,3.0,-1.5,0.0751067321434778,0.0807833419402746,0.3,-0.1866085596391377,2
503,1777300906809763794,0.1012783050537109,False,-1.1444206789918905,1.0957385155006418,2.507127459078055,0.0668908362327075,0.0472414068085202,-1.1921778937205805,-1.0,1.0,3.0,-1.5,0.0941949729886574,0.0573405294131788,0.2957235245531671,-0.1846932637676518,2
504,1777300906907411678,0.0977420806884765,False,-1.1451465619613372,1.098123784635188,2.526120046092632,0.0777645212516443,0.0699886342426289,-1.17457918728341,-1.0,1.0,3.0,-1.5,0.095536862032122,0.0568494960058667,0.284327972344421,-0.1952524876299541,2
505,1777300907006764898,0.0994136333465576,False,-1.1445925753282031,1.1032193861000357,2.543049945345965,0.0524140716417177,0.0362792178888379,-1.2202228066502747,-1.0,1.0,3.0,-1.5,0.1018272518711671,0.0533580425714236,0.274170032792421,-0.1678663160098351,2
506,1777300907108866262,0.1014339923858642,False,-1.1386686451313577,1.1151701842022324,2.550592520767225,0.0814219637117042,0.0703005995886369,-1.206187994353803,-3.0,-1.0,3.0,-1.5,0.3,-0.3,0.2696444875396651,-0.1762872033877183,2
507,1777300907221235940,0.1132910251617431,False,-1.1375041840180191,1.1181332899407743,2.5675522041033507,0.0654455713251828,0.0578288403970276,-1.2086511140012075,-3.0,-1.0,3.0,-1.5,0.3,-0.3,0.2594686775379896,-0.1748093315992753,2
508,1777300907307713344,0.086271047592163,False,-1.1395764119118013,1.1219062551329435,2.5874440143422794,0.0041707337203566,0.0429786425455623,-1.263377127267534,-3.0,-1.0,3.0,-1.5,0.3,-0.3,0.2475335913946323,-0.1419737236394795,2
509,1777300907404130476,0.0964248180389404,False,-1.1390473035007638,1.1207360805054114,2.599469456568788,0.1310842494028791,0.0168807389491631,-1.204283511192591,-3.0,-1.0,3.0,-1.5,0.3,-0.3,0.2403183260587273,-0.1774298932844455,2
510,1777300907508254053,0.1042151451110839,False,-1.149409684806056,1.1152129890168845,2.621641475076576,0.1476349087109789,-0.0015057624148016,-1.2137823313828724,-3.0,-1.0,3.0,-1.5,0.3,-0.3,0.2270151149540542,-0.1717306011702765,2
511,1777300907607261567,0.0990529060363769,False,-1.1518778307462485,1.1010468247042289,2.6303277043928155,0.1416875192212496,0.0007819873792714,-1.2232483299443728,-3.0,-1.0,3.0,-1.5,0.3,-0.3,0.2218033773643107,-0.1660510020333761,2
512,1777300907707085676,0.0996954441070556,False,-1.1642791805785233,1.0824752572211949,2.644424439434218,0.1366041511107977,0.0056598186792514,-1.229416234371175,-3.0,-1.0,3.0,-1.5,0.3,-0.3,0.2133453363394693,-0.162350259377295,2
513,1777300907802696247,0.0956006050109863,False,-1.179051337575953,1.0588078465336974,2.657704745130232,0.1220417323443359,0.0463190568399981,-1.1992410251071783,-3.0,-1.0,3.0,-1.5,0.3,-0.3,0.2053771529218608,-0.180455384935693,2
514,1777300907905831196,0.1032173633575439,False,-1.1995996150784944,1.0308095470283902,2.6693980406297504,0.1313515921679244,-0.0035747522605462,-1.2418525905781408,-3.0,-1.0,3.0,-1.5,0.3,-0.3,0.1983611756221497,-0.1548884456531155,2
515,1777300908003567135,0.0975432395935058,False,-1.2236424845833165,0.995828029178588,2.6818755479799434,0.1300663492456445,-0.0069092231733409,-1.2487508012303028,-3.0,-1.0,3.0,-1.5,0.3,-0.3,0.1908746712120339,-0.1507495192618183,2
516,1777300908112057341,0.1085140705108642,False,-1.2534532233872546,0.9529369397531344,2.6952571673392782,0.1272210247082411,0.0022462770515847,-1.246628072657017,-3.0,-1.0,3.0,-1.5,0.3,-0.3,0.182845699596433,-0.1520231564057899,2
517,1777300908207584242,0.0958802700042724,False,-1.294418753613047,0.9107867176285394,2.7146636793402683,0.0973042911876099,0.0163805868600471,-1.2500977101751722,-3.0,-1.0,3.0,-1.5,0.3,-0.3,0.171201792395839,-0.1499413738948966,2
518,1777300908313027136,0.1050491333007812,False,-1.3272840872730736,0.8654068802038678,2.724390874788837,0.1102076371615791,0.0133723984340345,-1.2709089750023537,-3.0,-1.0,3.0,-1.5,0.3,-0.3,0.1653654751266977,-0.1374546149985876,2
519,1777300908420425918,0.1074054241180419,False,-1.3608425099608208,0.8174945800714123,2.7332721579551493,0.1074683582817638,0.0164332316890036,-1.262882148823722,-3.0,-1.0,3.0,-1.5,0.3,-0.3,0.1600367052269104,-0.142270710705767,2
520,1777300908515277930,0.0949344635009765,False,-1.3950541362389797,0.7676780160586003,2.741406468948873,0.1056267926865347,0.0124317676468987,-1.2634180628693754,-3.0,-1.0,3.0,-1.5,0.3,-0.3,0.1551561186306761,-0.1419491622783748,2
521,1777300908609650334,0.0943248271942138,False,-1.431429327862856,0.7173545054274523,2.749597458455961,0.1001594367249994,0.0101155889497867,-1.2766022478907972,-3.0,-1.0,3.0,-1.5,0.3,-0.3,0.1502415249264235,-0.1340386512655216,2
522,1777300908706753210,0.0973336696624755,False,-1.46769322872572,0.6654495394036914,2.757899720463043,0.1009949234505225,0.0066831991004645,-1.2778715115506851,-3.0,-1.0,3.0,-1.5,0.3,-0.3,0.1452601677221741,-0.1332770930695889,2
523,1777300908807383299,0.1004614830017089,False,-1.5056618365319767,0.6134501343113407,2.7658371584202404,0.1062436173602471,0.0086474950572101,-1.283332451433972,-3.0,-1.0,3.0,-1.5,0.3,-0.3,0.1404977049478557,-0.130000529139617,2
524,1777300908907506880,0.0999929904937744,False,-1.5438564343937993,0.5601272674764034,2.773419200870425,0.1081975436403334,0.0064090459654125,-1.2834785773666026,-3.0,-1.0,3.0,-1.5,0.3,-0.3,0.1359484794777451,-0.1299128535800384,2
525,1777300909008107107,0.1007769107818603,False,-1.5825082234238923,0.5058487339789997,2.780034207613601,0.1086268931983013,0.0068004938348277,-1.2875784381834243,-3.0,-1.0,3.0,-1.5,0.3,-0.3,0.131979475431839,-0.1274529370899452,2
526,1777300909106848019,0.0988204479217529,False,-1.621471482081334,0.4504621685614502,2.786280753774049,0.1025691285213104,0.0062722863774142,-1.2946535336962284,-3.0,-1.0,3.0,-1.5,0.3,-0.3,0.1282315477355703,-0.1232078797822629,2
527,1777300909217606950,0.1107881069183349,False,-1.6612183079328025,0.3948618608078381,2.7924413039261338,0.0997797597139994,0.0069669962286742,-1.2996759796747592,-3.0,-1.0,3.0,-1.5,0.3,-0.3,0.1245352176443197,-0.1201944121951444,2
528,1777300909307188057,0.0894954204559326,False,-1.700996356249548,0.3379636390807318,2.79843826610726,0.0980822555272824,0.0023469605349995,-1.3023080200384087,-3.0,-1.0,3.0,-1.5,0.3,-0.3,0.1209370403356438,-0.1186151879769547,2
529,1777300909406832429,0.0996820926666259,False,-1.7414627441184307,0.2808628243845487,2.8041305974228496,0.0939497640248214,0.001473282666834,-1.3141558301280962,-3.0,-1.0,3.0,-1.5,0.3,-0.3,0.1175216415462902,-0.1115065019231421,2
530,1777300909515542373,0.1086537837982177,False,-1.7740094362595116,0.2349059134660414,2.8085632209634595,0.0928200276771265,-0.0028546581479635,-1.3219387286431863,-3.0,-1.0,3.0,-1.5,0.3,-0.3,0.1148620674219243,-0.106836762814088,2
531,1777300909617016138,0.1008086204528808,False,-1.823409917276732,0.1652293626357898,2.814886493559657,0.0936442973194994,0.0015165197243085,-1.3227433296197804,-3.0,-1.0,3.0,-1.5,0.3,-0.3,0.1110681038642057,-0.1063540022281317,2
532,1777300909712995147,0.0961866378784179,False,-1.865005144429964,0.1072771678737187,2.8199221361220093,0.089592362447726,-0.0014609793964871,-1.3282320845470226,-3.0,-1.0,3.0,-1.5,0.3,-0.3,0.1080467183267944,-0.1030607492717864,2
533,1777300909830584168,0.1173715591430664,False,-1.9113781345159253,0.0435995733356755,2.8249126635992305,0.0888016807365334,0.000967536640236,-1.332483273318135,-3.0,-1.0,3.0,-1.5,0.3,-0.3,0.1050524018404616,-0.1005100360091189,2
534,1777300909908681970,0.0787885189056396,False,-1.9496484113108583,-0.0076306166616025,2.82833491809874,0.0955491805180299,-0.0104629222548234,-1.349974735596436,-3.0,-1.0,3.0,-1.5,0.2845142922895722,-0.3,0.1029990491407562,-0.0900151586421385,2
535,1777300910020380664,0.1114821434020996,False,-1.9967642154381144,-0.0709437033982768,2.8316714065562985,0.1204756141473477,-0.0012893398530674,-1.3339924550408817,-3.0,-1.0,3.0,-1.5,0.2647864409501101,-0.3,0.1009971560662209,-0.0996045269754709,2
536,1777300910110368464,0.0900270938873291,False,-2.0368618305363864,-0.1228099108674537,2.834795439116229,0.0888257929144596,0.0053003936595758,-1.353079846363983,-3.0,-1.0,3.0,-1.5,0.2491728693406542,-0.3,0.0991227365302626,-0.0881520921816101,2
537,1777300910225214439,0.1149773597717285,False,-2.0875848799076597,-0.1863741046988579,2.839623474816836,0.0825499482482881,-0.0057406786351801,-1.3645877077669275,-3.0,-1.0,3.0,-1.5,0.2305023124807805,-0.3,0.0962259151098986,-0.0812473753398432,2
538,1777300910319633508,0.0945620536804199,False,-2.132017423323356,-0.2417064350608621,2.8405395358600027,0.087078921095606,-0.0040168134715527,-1.365113139087265,-3.0,-1.0,3.0,-1.5,0.195969009687009,-0.3,0.0956762784839983,-0.0809321165476408,2
539,1777300910418526676,0.0986635684967041,False,-2.17831378718092,-0.2968464149367181,2.8421746049272527,0.0834178854013331,-0.0016215860946495,-1.365758837683333,-3.0,-1.0,3.0,-1.5,0.1771885465775121,-0.3,0.0946952370436483,-0.0805446973900002,2
540,1777300910521025233,0.1024813652038574,False,-2.2255192169699622,-0.350461795513141,2.8434316428755624,0.0754633799071423,-0.0050759302089262,-1.3708712489550336,-3.0,-1.0,3.0,-1.5,0.1632930754082446,-0.3,0.0939410142746625,-0.0774772506269798,2
541,1777300910617534757,0.0962955951690673,False,-2.273461848974813,-0.4016007943857269,2.8434589080881167,0.0660253776023009,-0.0177131238057386,-1.3792535894175997,-3.0,-1.0,3.0,-1.5,0.1415142975015108,-0.3,0.0939246551471299,-0.0724478463494403,2
542,1777300910717162285,0.100010871887207,False,-2.322491217717296,-0.4504259273675891,2.8438928911848587,0.0565714228051539,-0.006008333590114,-1.3780419573038027,-3.0,-1.0,3.0,-1.5,0.1301928020236395,-0.2897391487629691,0.0936642652890848,-0.0731748256177182,2
543,1777300910817970414,0.1006665229797363,False,-2.367962854911558,-0.4850490224999636,2.835349570379461,0.0598571580156635,-0.0030317432685504,-1.367038187165133,-3.0,-1.0,3.0,-1.5,0.1522167610597248,-0.2803106047870011,0.0987902577723234,-0.0797770877009201,2
544,1777300910918450080,0.100365400314331,False,-2.4184660960498845,-0.5266745859203483,2.8344108326011197,0.0555492820430602,0.0089096540620976,-1.3652256350227343,-3.0,-1.0,3.0,-1.5,0.1158041171791111,-0.2263670741857663,0.0993535004393284,-0.0808646189863592,2
545,1777300911022024892,0.1037812232971191,False,-2.474567623512989,-0.5738111886504739,2.842347941103782,0.0548998845180587,0.0033713557557155,-1.3897404667890831,-3.0,-1.0,3.0,-1.5,0.089936971510848,-0.1720947840200599,0.0945912353377304,-0.0661557199265501,2
546,1777300911114353494,0.0922811031341552,False,-2.5208370236418784,-0.6041695896785663,2.8417570172123257,0.0511621467991143,0.0102858929460693,-1.390598554430322,-3.0,-1.0,3.0,-1.5,0.1119896702788247,-0.1597365724822841,0.0949457896726046,-0.0656408673418068,2
547,1777300911217901901,0.1032683849334716,False,-2.576424066382752,-0.6369529733512798,2.8411751378444925,0.0544559804785451,0.0147944360025738,-1.3950301765705733,-3.0,-1.0,3.0,-1.5,0.1044988476290161,-0.1126712003479374,0.0952949172933045,-0.0629818940576559,2
548,1777300911317804772,0.1002266407012939,False,-2.6253815860536105,-0.6620447701337193,2.840409949515005,0.0392059918717934,0.0309706800664009,-1.3898159839889217,-3.0,-1.0,3.0,-1.5,0.1115018164963065,-0.0999323914533647,0.0957540302909969,-0.0661104096066468,2
549,1777300911417704121,0.1000244617462158,False,-2.6714847380340694,-0.6795174254094657,2.836057517597988,0.0420940906095531,0.0516054472834485,-1.3791369437779095,-3.0,-1.0,3.0,-1.5,0.1261159542153079,-0.0844025752107117,0.0983654894412072,-0.0725178337332542,2
550,1777300911517115947,0.0993363857269287,False,-2.715521539207625,-0.6990781403860339,2.839174002811096,0.0397218748108484,0.042717826488019,-1.3907864583067218,-2.0,0.0,1.0,-3.1,-0.3,0.3,-0.3,-1.025528125015967,2
551,1777300911617336358,0.0998895168304443,False,-2.7546665767981438,-0.7087193072861562,2.835203947031679,0.0441803646064962,0.0663315201698293,-1.378349961895877,-2.0,0.0,1.0,-3.1,-0.3,0.3,-0.3,-1.0329900228624738,2
552,1777300911717211381,0.0999541282653808,False,-2.788692034726296,-0.7161215434938979,2.8327836942572384,0.0151393326715306,0.0858193948323007,-1.4182642030843269,-2.0,0.0,1.0,-3.1,-0.3,0.3,-0.3,-1.009041478149404,2
553,1777300911817060492,0.0999400615692138,False,-2.816720823995737,-0.7187782206258025,2.8299263615997767,-0.0184810264693351,0.0976645527915139,-1.487626436587582,-2.0,0.0,1.0,-3.1,-0.3,0.3,-0.3,-0.9674241380474508,2
554,1777300911917003336,0.0999763011932373,False,-2.836077975092401,-0.7117331308897369,2.819792248366145,-0.0164404630938019,0.1065703163682048,-1.5398378271572195,-2.0,0.0,1.0,-3.1,-0.3,0.3,-0.3,-0.9360973037056683,2
555,1777300912018354895,0.1011726856231689,False,-2.846518003449624,-0.6954988899644625,2.8066282813701404,-0.0173238711654047,0.1129974494229297,-1.5858874704284387,-2.0,0.0,1.0,-3.1,-0.3,0.3,-0.3,-0.9084675177429368,2
556,1777300912119561405,0.1011881828308105,False,-2.8475620868466907,-0.6710975022397386,2.7919123946970794,-0.006221256366216,0.1068570584273173,-1.6343307534868114,-2.0,0.0,1.0,-3.1,-0.3,0.3,-0.3,-0.8794015479079131,2
557,1777300912229310647,0.1102328300476074,False,-2.839739280294516,-0.6397295968488873,2.7760942415687877,0.0094530026663737,0.0987624972685015,-1.6826294287567465,-2.0,0.0,1.0,-3.1,-0.3,0.3,-0.3,-0.8504223427459523,2
558,1777300912317404936,0.0878622531890869,False,-2.8238653526128847,-0.602587938912582,2.759006952672168,0.0165867934196563,0.0907508178958608,-1.731417663211133,-2.0,0.0,1.0,-3.1,-0.3,0.3,-0.3,-0.8211494020733202,2
559,1777300912433673080,0.1161310672760009,False,-2.798161003987276,-0.5571705346214808,2.739506434417763,0.0346491872553539,0.0830521842239299,-1.7869509125393754,-2.0,0.0,1.0,-3.1,-0.3,0.3,-0.3,-0.7878294524763748,2
560,1777300912523649829,0.0899977684020996,False,-2.7710703976032507,-0.5175899694507052,2.723000742590106,0.0338226982788964,0.0828085878796225,-1.8386649715776364,-2.0,0.0,1.0,-3.1,-0.270794750686017,0.3,-0.3,-0.7568010170534182,2
561,1777300912640851232,0.1168224811553955,False,-2.7321123990951555,-0.4676990985279239,2.701781013247821,0.1285520074513197,0.0201298866883857,-1.8782250646491327,-2.0,0.0,1.0,-3.1,-0.2480017915137274,0.27717100207909,-0.3,-0.7330649612105201,2
562,1777300912723439316,0.0829496383666992,False,-2.6961553188085823,-0.426205102490243,2.686736757108937,0.0914868356541428,0.0347728970759483,-1.9273189309695464,-2.0,0.0,1.0,-3.1,-0.1994043429744111,0.2326854591645604,-0.3,-0.7036086414182722,2
563,1777300912820513063,0.0973858833312988,False,-2.652532363598329,-0.3823440255015465,2.6695779231228305,0.1012286673071799,0.0262740038805248,-1.9719117542524456,-2.0,0.0,1.0,-3.1,-0.1872050897589195,0.1999120874006628,-0.3,-0.6768529474485325,2
564,1777300912919921765,0.0993492603302002,False,-2.6071408444657718,-0.3405973577766816,2.652468556300638,0.0997377648214502,0.0200187793283547,-2.023292617406124,-2.0,0.0,1.0,-3.1,-0.1697604770157224,0.1701175823504189,-0.3,-0.6460244295563259,2
565,1777300913021921698,0.1021754741668701,False,-2.5611354786284517,-0.3014757083653406,2.635442298474595,0.1057784946109202,-0.0054018728891879,-2.049806861705986,-2.0,0.0,1.0,-3.1,-0.1515084099887811,0.1484851371233942,-0.3,-0.6301158829764085,2
566,1777300913124648984,0.1025314331054687,False,-2.5150524794657203,-0.2655025627687285,2.618200150988148,0.1027792672351494,-0.0257345871307602,-2.101330572605252,-2.0,0.0,1.0,-3.1,-0.1347592016963909,0.1229030236382322,-0.3,-0.5992016564368489,2
567,1777300913240647888,0.1161994934082031,False,-2.4707722843204087,-0.2325950381392333,2.6018643576710154,0.0970063971257225,-0.0383693226317246,-2.1453967367241544,-2.0,0.0,1.0,-3.1,-0.1372148386608399,0.1114665024095734,-0.3,-0.5727619579655073,2
568,1777300913317890024,0.0769629478454589,False,-2.428988020426223,-0.2030626457655979,2.5853274237494546,0.0977151473479379,-0.0506016249600303,-2.18412181998362,-2.0,0.0,1.0,-3.1,-0.0598999238564624,0.0734229972112764,-0.3,-0.5495269080098281,2
569,1777300913417983521,0.1003012657165527,False,-2.390022499653002,-0.1762143012444054,2.5691327315427976,0.0980007883045851,-0.0608994134205865,-2.22075256512399,-2.0,0.0,1.0,-3.1,-0.0913274543309518,0.0781312567724512,-0.3,-0.5275484609256061,2
570,1777300913517540189,0.0992889404296875,False,-2.354471627882748,-0.1522082823385267,2.552898441135329,0.1005953924459611,-0.0712488205616302,-2.2527815092383,-2.0,0.0,1.0,-3.1,-0.0809412478265603,0.0698761185765686,-0.3,-0.50833109445702,2
571,1777300913620800236,0.1031732559204101,False,-2.322688577701147,-0.1306132618646321,2.536994176630393,0.0987915597126654,-0.0812108937614374,-2.2858687164694667,-2.0,0.0,1.0,-3.1,-0.0781119779469438,0.066195677072453,-0.3,-0.48847877011832,2
572,1777300913718053427,0.0973844528198242,False,-2.294988485464218,-0.111885988593333,2.52123678007624,0.0968802501207106,-0.0838184482181527,-2.3147637267325423,-2.0,0.0,1.0,-3.1,-0.0690203616081792,0.0610495033597225,-0.3,-0.4711417639604747,2
573,1777300913827710893,0.1097967624664306,False,-2.269149903214144,-0.0936142400734171,2.503886395585159,0.0948381043545725,-0.0862096371263844,-2.3463764584976348,-2.0,0.0,1.0,-3.1,-0.0680937988003771,0.0605254821620748,-0.3,-0.4521741249014191,2
574,1777300913920231197,0.0925438404083252,False,-2.2513616824993714,-0.080186148092121,2.4895949868499745,0.0873683981847217,-0.0933681104452541,-2.3716261631190507,-2.0,0.0,1.0,-3.1,-0.0700669794920542,0.0615553195655111,-0.3,-0.4370243021285696,2
575,1777300914020479786,0.1000640392303466,False,-2.234964438652107,-0.0666543596515387,2.473334499613131,0.0870534681280349,-0.0878913256013461,-2.393985226250883,-2.0,0.0,1.0,-3.1,-0.0669399251782685,0.0628490265365281,-0.3,-0.4236088642494701,2
576,1777300914126675113,0.1063818931579589,False,-2.220583901534913,-0.0531649146969233,2.456196556883972,0.0825642094607264,-0.0855407645753887,-2.4240410253896254,-2.0,0.0,1.0,-3.1,-0.065122952328212,0.0649875065948656,-0.3,-0.4055753847662248,2
577,1777300914227744281,0.1010243892669677,False,-2.210045175593179,-0.0417072356392409,2.4405132590341303,0.0818236584875421,-0.0893009634950217,-2.45103685690656,-2.0,0.0,1.0,-3.1,-0.067294989645041,0.067278876872935,-0.3,-0.3893778858560642,2
578,1777300914328338819,0.1004636287689209,False,-2.2012472239393657,-0.0307565212011899,2.4246136601527226,0.085880404044791,-0.0868230504420421,-2.467174090808552,-2.0,0.0,1.0,-3.1,-0.0648963991370947,0.0701226915974248,-0.3,-0.3796955455148687,2
579,1777300914427528317,0.0992140769958496,False,-2.1941773490602494,-0.0209869877737197,2.4094169516412816,0.0790843136473853,-0.0789339516661165,-2.487004743428082,-2.0,0.0,1.0,-3.1,-0.0651467084490704,0.0713627636986824,-0.3,-0.3677971539431509,2
580,1777300914528495660,0.1009056568145752,False,-2.1884040624683885,-0.0117120213294823,2.3939974525221377,0.0860420492440584,-0.0796766681625346,-2.499257895759939,-2.0,0.0,1.0,-3.1,-0.0644598781117508,0.0738900445968657,-0.3,-0.3604452625440365,2
581,1777300914628061140,0.099639892578125,False,-2.183531704519055,-0.0024476863950151,2.3785770328321307,0.0790936942946449,-0.0874517481266373,-2.5204497282249005,-2.0,0.0,1.0,-3.1,-0.062242215913412,0.077037091589857,-0.3,-0.3477301630650597,2
582,1777300914731428308,0.102696418762207,False,-2.179458943834678,0.006322554193094,2.363133892800637,0.0830600042903629,-0.0783218406917244,-2.5349226936121942,-2.0,0.0,1.0,-3.1,-0.0619168114762036,0.0787709515028527,-0.3,-0.3390463838326835,2
583,1777300914826836749,0.0960805416107177,False,-2.1760048586124427,0.0144297110621072,2.3475786198853847,0.0860965708396233,-0.0787980565660035,-2.5391328067687864,-2.0,0.0,1.0,-3.1,-0.0588740595083589,0.081721159638808,-0.3,-0.3365203159387282,2
584,1777300914928303361,0.1013331413269043,False,-2.1710125537715945,0.0226168441564643,2.3315008629917515,0.0550616645812564,-0.099056608675086,-2.5882879270559207,-2.0,0.0,1.0,-3.1,-0.0548547457467125,0.0783206677493054,-0.3,-0.3070272437664476,2
585,1777300915027397122,0.0990335941314697,False,-2.1678806286793058,0.0302834640732971,2.3170097067723154,0.0805067032510749,-0.0735269696633881,-2.5713471835360857,-2.0,0.0,1.0,-3.1,-0.054457438911444,0.084099860057406,-0.3,-0.3171916898783486,2
586,1777300915128033835,0.1007676124572753,False,-2.162469040605981,0.0381559261432453,2.301646617987068,0.0605255659975827,-0.1043236640518458,-2.61423449788364,-2.0,0.0,1.0,-3.1,-0.0469991318648907,0.0809862763994643,-0.3,-0.2914593012698164,2
587,1777300915227058895,0.0989644527435302,False,-2.1559513425000567,0.0457117558407539,2.2853795972984807,0.0918696038053009,-0.0845954979500199,-2.6045953176721457,-2.0,0.0,1.0,-3.1,-0.0376761982356448,0.0810071762970383,-0.3,-0.2972428093967126,2
588,1777300915328345231,0.1014277935028076,False,-2.151833734105304,0.0533070221751137,2.2685878912651867,0.0838160988724958,-0.1008197911998017,-2.617896956438739,-2.0,0.0,1.0,-3.1,-0.0411148313167845,0.0866190785072328,-0.3,-0.2892618261367567,2
589,1777300915427321771,0.0989768505096435,False,-2.146881326934784,0.0565382574243417,2.2551043241339594,0.0775548406041985,-0.0855953846774733,-2.6256563349429047,-2.0,0.0,1.0,-3.1,-0.0420326138969757,0.0740990182016956,-0.3,-0.2846061990342572,2
590,1777300915528044935,0.1007139682769775,False,-2.1423018392671125,0.0608937319833749,2.240081240945116,0.0755048202446459,-0.0918603278032842,-2.640288267995401,-2.0,0.0,1.0,-3.1,-0.0391198567878837,0.0778942403682051,-0.3,-0.2758270392027594,2
591,1777300915627759797,0.0997240543365478,False,-2.138165729268872,0.0649840528859603,2.224903983130787,0.0693877544020815,-0.0945114886466198,-2.6443944699240074,-2.0,0.0,1.0,-3.1,-0.0374599562636456,0.0786900332981708,-0.3,-0.2733633180455956,2
592,1777300915728147274,0.1002650260925293,False,-2.133984414204076,0.0688238719081512,2.2097113371433568,0.0769607342089469,-0.1008435657475594,-2.652405037284059,-2.0,0.0,1.0,-3.1,-0.0351152044478074,0.0784899860008293,-0.3,-0.2685569776295647,2
593,1777300915826682752,0.0987856388092041,False,-2.1296525669615467,0.0718614984177825,2.195413646312967,0.0630458718544829,-0.0899971703044657,-2.6650661881982933,-2.0,0.0,1.0,-3.1,-0.0334264092724032,0.0761589369407808,-0.3,-0.260960287081024,2
594,1777300915927643240,0.1007170677185058,False,-2.125546936381344,0.0757090928410855,2.180293529394673,0.0665977955550392,-0.0906385187155439,-2.6767419473585896,-2.0,0.0,1.0,-3.1,-0.0309020218782017,0.0791363866315118,-0.3,-0.2539548315848463,2
595,1777300916027524570,0.0998148918151855,False,-2.1215885470778613,0.0797285991534994,2.165436277821416,0.0753717193009281,-0.0942776881321777,-2.681150797066772,-2.0,0.0,1.0,-3.1,-0.0280731217909537,0.0808077905257191,-0.3,-0.2513095217599369,2
596,1777300916128602556,0.1010231971740722,False,-2.1178150393148742,0.0832072806967253,2.150180960597243,0.0740034121270419,-0.0879651412538934,-2.681061206677159,-2.0,0.0,1.0,-3.1,-0.0265073353047359,0.0804129204593206,-0.3,-0.2513632759937046,2
597,1777300916233218850,0.1041979789733886,False,-2.114413110681668,0.0866657106895712,2.135016142928961,0.0681811389722384,-0.0864255690935301,-2.692353505149474,-2.0,0.0,1.0,-3.1,-0.0261071263726353,0.0813680393954985,-0.3,-0.2445878969103156,2
598,1777300916328239198,0.0955219268798828,False,-2.110835352747096,0.090061952742148,2.1197674420126518,0.0787451114282375,-0.0922478387266553,-2.7057272587162355,-2.0,0.0,1.0,-3.1,-0.0227802670318337,0.081986597252663,-0.3,-0.2365636447702587,2
599,1777300916427073885,0.0989761352539062,False,-2.1075788665162083,0.0926278803419141,2.103639722143457,0.0771094802168223,-0.088794265677203,-2.7072678497339964,-2.0,0.0,1.0,-3.1,-0.0229410031918455,0.0804798737961283,-0.3,-0.2356392901596022,2
600,1777300916527886217,0.1008527278900146,False,-2.1046019340548847,0.0951433862667082,2.0872620412022256,0.075583352218723,-0.0965996809843759,-2.7194203409406037,-2.0,0.0,1.0,-3.1,-0.0227164023781412,0.0809872265536195,-0.3,-0.2283477954356381,2
601,1777300916627110481,0.0990197658538818,False,-2.101678246423229,0.0968207340453021,2.070706875022808,0.0805814769461246,-0.0865465188163188,-2.7271782356198693,-2.0,0.0,1.0,-3.1,-0.0222973744820851,0.0788247622015558,-0.3,-0.2236930586280784,2
602,1777300916726966635,0.099949836730957,False,-2.098625200472961,0.0979583836684904,2.054870026951624,0.0730129376765015,-0.0919227830430103,-2.737687562321272,-2.0,0.0,1.0,-3.1,-0.0215458253677924,0.0768405744864658,-0.3,-0.2173874626072368,2
603,1777300916827256472,0.1000676155090332,False,-2.096410993180164,0.0971268405910078,2.039994987203186,0.0710537451949862,-0.0880068530244289,-2.7397632773680187,-2.0,0.0,1.0,-3.1,-0.0253126155068896,0.0713676337242873,-0.3,-0.2161420335791888,2
604,1777300916934453450,0.107506513595581,False,-2.093563382739008,0.0973373969461095,2.0277940164823063,0.0697701561439972,-0.0887640186743164,-2.746560848773837,-2.0,0.0,1.0,-3.1,-0.0217786082675828,0.0729928190399198,-0.3,-0.2120634907356977,2
605,1777300917027697578,0.0930778980255127,False,-2.089705015594424,0.0974469073976705,2.0091009956178816,0.0709520651875291,-0.086988942331134,-2.7505681125662345,-2.0,0.0,1.0,-3.1,-0.0158443128281508,0.0701553343933732,-0.3,-0.2096591324602593,2
606,1777300917137091609,0.1097173690795898,False,-2.0857618376269254,0.0968037244809235,1.9923758041270547,0.0751577709809759,-0.0879737106143444,-2.760761343269902,-2.0,0.0,1.0,-3.1,-0.0168260931554534,0.0674070219876437,-0.3,-0.2035431940380589,2
607,1777300917237450702,0.1001663208007812,False,-2.082492742126093,0.0963306999436203,1.9768560329419012,0.0662106481627954,-0.0879147765434938,-2.765626583150861,-2.0,0.0,1.0,-3.1,-0.0162296639194706,0.0670220344219719,-0.3,-0.2006240501094834,2
608,1777300917337542961,0.0999784469604492,False,-2.078936739173668,0.0960150435604995,1.9611980521083856,0.0624460638211509,-0.0930109294726867,-2.7719481523352223,-2.0,0.0,1.0,-3.1,-0.0137424034548777,0.0660908111817079,-0.3,-0.1968311085988666,2
609,1777300917429378812,0.0919535160064697,False,-2.075546618086634,0.095659573469039,1.947099778092504,0.0676209213538807,-0.0838512772508316,-2.7767014637602947,-2.0,0.0,1.0,-3.1,-0.0119438570060293,0.0647619098881862,-0.3,-0.1939791217438232,2
610,1777300917536342064,0.1069731712341308,False,-2.07184526014273,0.0955481759990366,1.9310266315364917,0.0592488216252335,-0.091211846287501,-2.784027720297769,-2.0,0.0,1.0,-3.1,-0.0107015531022369,0.0648645412707704,-0.3,-0.1895833678213389,2
611,1777300917640539211,0.1041615009307861,False,-2.0682059538020856,0.0958762785452387,1.9183573502117128,0.0579880136907314,-0.0881096564764521,-2.78570349485781,-2.0,0.0,1.0,-3.1,-0.0081616651359887,0.0654134695107247,-0.3,-0.188577903085314,2
612,1777300917736884157,0.0957851409912109,False,-2.0614428906260938,0.1031045712505756,1.8931038474793516,0.0718439815050136,-0.1288460688761771,-2.796701844810664,-2.0,0.0,1.0,-3.1,0.0138093783302806,0.084828296392605,-0.3,-0.1819788931136015,2
613,1777300917834768836,0.0984516143798828,False,-2.0588651365222788,0.0972878969384438,1.884941159514985,0.0610030696486811,-0.0908548964659186,-2.795283432897465,-2.0,0.0,1.0,-3.1,-0.0120365172746937,0.0475571900359346,-0.3,-0.182829940261521,2
614,1777300917937768439,0.1028277873992919,False,-2.05476105000114,0.0983602988799001,1.8689701302718496,0.0624451351302108,-0.1003067632136212,-2.7990381979584966,-2.0,0.0,1.0,-3.1,0.0012044625362187,0.0655487398769346,-0.3,-0.180577081224902,2
615,1777300918038767620,0.1009502410888671,False,-2.050590272350971,0.0995587895579582,1.854335766186605,0.0684590277026204,-0.091834322340362,-2.8004922955737337,-2.0,0.0,1.0,-3.1,0.0042494448710476,0.0656581108980746,-0.3,-0.1797046226557598,2
616,1777300918146232151,0.1076292991638183,False,-2.0470761229578525,0.1001528744134201,1.8396173685056931,0.0669111002425822,-0.0974001697289852,-2.8019607017457986,-2.0,0.0,1.0,-3.1,0.0031740322328948,0.0643670646624248,-0.3,-0.1788235789525209,2
617,1777300918248526915,0.1023337841033935,False,-2.0435475201350948,0.1010841953721268,1.824667353392436,0.0616891474436501,-0.0905267942119111,-2.8095695940141354,-2.0,0.0,1.0,-3.1,0.005737289066052,0.065064144820816,-0.3,-0.1742582435915187,2
618,1777300918337113299,0.088524580001831,False,-2.0406682800568348,0.1021786981500614,1.8100097026239097,0.0598877020722168,-0.0941794977292501,-2.8115711129167367,-2.0,0.0,1.0,-3.1,0.0072161168144876,0.0662532191274995,-0.3,-0.173057332249958,2
619,1777300918437413473,0.1001992225646972,False,-2.0379101534930526,0.1030747187571165,1.7950659317190296,0.0678939978180038,-0.0893761491568591,-2.8133078838056997,-2.0,0.0,1.0,-3.1,0.007090514775708,0.0657528403427275,-0.3,-0.1720152697165804,2
620,1777300918538038468,0.1006419658660888,False,-2.035144075678796,0.1049352581166172,1.7796994077476762,0.0591589902055024,-0.0937948123159017,-2.8160299637352075,-2.0,0.0,1.0,-3.1,0.0097448576343084,0.0690156865617035,-0.3,-0.1703820217588755,2
621,1777300918642664697,0.104619026184082,False,-2.0320112469948883,0.1095287363974159,1.7620583437888486,0.0618019427779406,-0.0964402494276918,-2.815451222026102,-2.0,0.0,1.0,-3.1,0.0155910457470206,0.0780060792137975,-0.3,-0.1707292667843389,2
622,1777300918741886463,0.0978634357452392,False,-2.030526903990881,0.1088403988899839,1.7495254869705408,0.0598940715303828,-0.091887741520416,-2.817376112030132,-2.0,0.0,1.0,-3.1,0.0070828212130452,0.064287115614866,-0.3,-0.1695743327819207,2
623,1777300918844393717,0.1032443046569824,False,-2.0279301397847886,0.111769681964575,1.7331234752790887,0.0622636204964397,-0.0912429605011009,-2.8209820274654507,-2.0,0.0,1.0,-3.1,0.0150735545131485,0.0746258374002658,-0.3,-0.1674107835207296,2
624,1777300918937679453,0.0941207408905029,False,-2.026003300629987,0.1132406722325152,1.717850887522686,0.065785375924367,-0.0859914680861167,-2.8159173468716534,-2.0,0.0,1.0,-3.1,0.0142757451066598,0.0718419034111198,-0.3,-0.170449591877008,2
625,1777300919038682380,0.1008579730987548,False,-2.023575722232971,0.1185832946960625,1.69919190158347,0.0625719160103808,-0.096838539542687,-2.82039344292959,-2.0,0.0,1.0,-3.1,0.0209089009488369,0.0847761241896998,-0.3,-0.167763934242246,2
626,1777300919137461722,0.0988569259643554,False,-2.020846223553049,0.118032825696648,1.68425368015235,0.0548517309311727,-0.1020396968145232,-2.827575927820394,-2.0,0.0,1.0,-3.1,0.0173409247736722,0.0670727227343874,-0.3,-0.1634544433077637,2
627,1777300919237991141,0.1004719734191894,False,-2.018225456753371,0.1231932393328248,1.6646600772209057,0.0674745036963298,-0.0902213578358803,-2.815914132329836,-2.0,0.0,1.0,-3.1,0.0256330827094798,0.0856240376344399,-0.3,-0.1704515206020988,2
628,1777300919337902740,0.0997989177703857,False,-2.015487562848385,0.1242514037649949,1.6478435259859174,0.0531463547771253,-0.0997839161824592,-2.8388419255244925,-2.0,0.0,1.0,-3.1,0.0221614864825032,0.0745132144935566,-0.3,-0.1566948446853045,2
629,1777300919439870114,0.1022238731384277,False,-2.012612215249655,0.1283970198255133,1.628750936953632,0.0570729559763737,-0.1048280539883382,-2.837288865783981,-2.0,0.0,1.0,-3.1,0.0275592911191845,0.0848450738227591,-0.3,-0.1576266805296111,2
630,1777300919536876204,0.0970528125762939,False,-2.009967576481829,0.1291061102903372,1.611916300766381,0.0582563543521143,-0.1086246324651884,-2.8500764535554226,-2.0,0.0,1.0,-3.1,0.0249951014647537,0.0756641545045429,-0.3,-0.1499541278667464,2
631,1777300919636969180,0.0999197959899902,False,-2.007765068897267,0.1315869755960632,1.593980815958267,0.0682954846558663,-0.087814101875166,-2.844954371352066,-2.0,0.0,1.0,-3.1,0.0271239958100914,0.0820560579651782,-0.3,-0.1530273771887604,2
632,1777300919737364540,0.1001801490783691,False,-2.0049766058646896,0.1320997245646711,1.5768758719189733,0.0501295270353061,-0.105804703813041,-2.8594242892101573,-2.0,0.0,1.0,-3.1,0.0276488023460593,0.0761065262226375,-0.3,-0.1443454264739056,2
633,1777300919838191867,0.1009414196014404,False,-2.002318549853142,0.1346337753281554,1.558335857457774,0.0672587987548695,-0.1001311824433709,-2.8424764565597376,-2.0,0.0,1.0,-3.1,0.032242928955439,0.0824723001433015,-0.3,-0.1545141260641575,2
634,1777300919937341457,0.0992217063903808,False,-2.0000115915930508,0.132654177217613,1.5438025796561516,0.0656929000791122,-0.0834647603850003,-2.8489229979488626,-2.0,0.0,1.0,-3.1,0.0279082456950423,0.0684667441267356,-0.3,-0.1506462012306824,2
635,1777300920037444534,0.0999202728271484,False,-1.9938205329753125,0.1366835436511967,1.523566914699858,0.0527338563630607,-0.0905089843545769,-2.8404378387307725,-2.0,0.0,1.0,-3.1,0.0492068316120345,0.0832590908192667,-0.3,-0.1557372967615365,2
636,1777300920136854036,0.0996973514556884,False,-1.992517027407024,0.1379448009281387,1.5086921518277026,0.0356720189156712,-0.1260324947139484,-2.843770372629597,-2.0,0.0,1.0,-3.1,0.0334425608902858,0.0802830218683184,-0.3,-0.1537377764222418,2
637,1777300920239506857,0.1023180484771728,False,-1.9848452163875967,0.1378455560244354,1.49091848038275,0.0546394013788219,-0.0779674436607619,-2.869112877574298,-2.0,0.0,1.0,-3.1,0.0526014624156358,0.0708750379207346,-0.29455108822965,-0.1385322734554212,2
638,1777300920337244113,0.0979053974151611,False,-1.979595969391704,0.1402255652919218,1.4757716917409491,0.0516766752663751,-0.0898959315750653,-2.85384519175648,-2.0,0.0,1.0,-3.1,0.0531090801968794,0.0796300815326574,-0.2854630150445694,-0.1476928849461121,2
639,1777300920437412609,0.1003286838531494,False,-1.9736328423389895,0.1415757811349133,1.4599064220224978,0.0642678141977756,-0.0832629673788577,-2.858087302187916,-1.0,1.0,2.0,3.1,-0.3,-0.3,0.3,-0.1950588029950019,2
640,1777300920543612156,0.1061949729919433,False,-1.9673357282303268,0.1436789004516285,1.4441669092025209,0.0647588069219424,-0.0941025420522813,-2.850558345327564,-1.0,1.0,2.0,3.1,-0.3,-0.3,0.3,-0.1995761771112128,2
641,1777300920637531839,0.0938889980316162,False,-1.960278440743912,0.1476338907238602,1.4316740755805668,0.0324531315962096,-0.0874339388603387,-2.8603768110629098,-1.0,1.0,2.0,3.1,-0.3,-0.3,0.3,-0.1936850976700061,2
642,1777300920736930064,0.0994355678558349,False,-1.9518841912311733,0.1545248427756995,1.426772054084117,0.0151288049396354,-0.0644688046189913,-2.863878980080564,-1.0,1.0,2.0,3.1,-0.3,-0.3,0.3,-0.1915837962594135,2
643,1777300920840544915,0.1035339832305908,False,-1.9409151025031972,0.1667827939723831,1.4273315084555065,-0.0151723115546319,-0.045237574254151,-2.893995529087132,-1.0,1.0,2.0,3.1,-0.3,-0.3,0.3,-0.1735138668554729,2
644,1777300920948620562,0.1082327365875244,False,-1.9245199755800335,0.185770904121231,1.4337466617448866,-0.01007840989687,-0.042402888268323,-2.9031124797512,-1.0,1.0,2.0,3.1,-0.3,-0.3,0.3,-0.1680436964570315,2
645,1777300921037636658,0.0889098644256591,False,-1.9087816557106545,0.2094834815979639,1.4437669812829388,-0.0169859994791828,-0.061183912469237,-2.900472134522304,-1.0,1.0,2.0,3.1,-0.3,-0.2653677367581762,0.3,-0.1696279035943689,2
646,1777300921149729102,0.1121895313262939,False,-1.8869708033056485,0.2448907302085544,1.4589883434305866,-0.0138262365013128,-0.0586519968254457,-2.913576598800052,-1.0,1.0,2.0,3.1,-0.3,-0.241995088773188,0.3,-0.1617652250277206,2
647,1777300921241115606,0.0912814140319824,False,-1.866958674687449,0.2791745356957829,1.474239975806667,0.0069765957526731,-0.0562690791385282,-2.9212108157366687,-1.0,1.0,2.0,3.1,-0.3,-0.2127511795444306,0.3,-0.1571846948657501,2
648,1777300921347342778,0.1062643527984619,False,-1.8395706822269184,0.3253434418946399,1.493803271412887,0.0012802082119717,-0.0591150271635605,-2.9351950972942884,-1.0,1.0,2.0,3.1,-0.3,-0.1812382626093134,0.3,-0.1487941259311789,2
649,1777300921440810550,0.0935642719268798,False,-1.8148622024203276,0.3658151905217789,1.5114607420359676,0.0136695816789407,-0.0606224606723178,-2.946119270670906,-1.0,1.0,2.0,3.1,-0.3,-0.1663938991816026,0.2931235547784194,-0.1422396219052075,2
650,1777300921548043514,0.1071493625640869,False,-1.7822429382870286,0.4170652213339129,1.5333615617592091,0.0246806198466685,-0.0676540050735917,-2.9568180806665403,-1.0,1.0,2.0,3.1,-0.3,-0.1333070889749352,0.2799830629444744,-0.1358203359078277,2
651,1777300921643990797,0.0959727764129638,False,-1.753145934804817,0.458998121381725,1.551217928047162,0.034451017007767,-0.0524388343121438,-2.971806954413696,-1.0,1.0,2.0,3.1,-0.3,-0.129753602259898,0.2692692431717028,-0.1268270116595346,2
652,1777300921741482006,0.0974743366241455,False,-1.7189763218186316,0.5046314568857478,1.570238389615919,0.0455551856579346,-0.0534838948303284,-2.985632425369767,-1.0,1.0,2.0,3.1,-0.3,-0.1041996307383493,0.2578569662304485,-0.1185317290858918,2
653,1777300921855187366,0.113870620727539,False,-1.6786691543260843,0.5525672410282514,1.5900625389221452,0.0523874914734305,-0.0462175912894582,-2.9939619363666488,-1.0,1.0,2.0,3.1,-0.3,-0.0963460583980331,0.2459624766467128,-0.1135340224877626,2
654,1777300921965449278,0.1102797985076904,False,-1.636119172983758,0.5977039375729417,1.6094060310269067,0.0495567071972554,-0.0608470369122842,-3.0005892272454657,-1.0,1.0,2.0,3.1,-0.2799476174916684,-0.0800413528029816,0.2343563813838559,-0.1095576479604719,2
655,1777300922053022699,0.0873548984527587,False,-1.5991928450083184,0.6322420212131675,1.623841954130795,0.0502625111105517,-0.0572872155259528,-3.0089955114270146,-1.0,1.0,2.0,3.1,-0.2441490161908447,-0.0703809369645572,0.225694827521523,-0.1045138774515429,2
656,1777300922149025423,0.0960354804992675,False,-1.556483475302299,0.6680264722139664,1.638724711225108,0.0502546745487749,-0.0615627944489731,-3.0142898832752785,-1.0,1.0,2.0,3.1,-0.2099464881454784,-0.0612399400348903,0.2167651732649352,-0.1013372543425848,2
657,1777300922243607512,0.094724416732788,False,-1.5244733027509911,0.7008511613727311,1.656289524320122,0.0439012164019175,-0.0656788325638935,-3.018770486447869,-1.0,1.0,2.0,3.1,-0.2209518283600633,-0.0488290530026628,0.2062262854079268,-0.0986488924390297,2
658,1777300922341783020,0.0980632305145263,False,-1.482006948514904,0.7299220077234061,1.6689457165261334,0.0493043938212692,-0.0728201881832894,-3.008644649602572,-1.0,1.0,2.0,3.1,-0.1675747484564453,-0.0513517918391362,0.1986325700843199,-0.1047243945462092,2
659,1777300922441671888,0.1000452041625976,False,-1.44485923222676,0.7543580959476872,1.6788581226253216,0.0492774252534351,-0.0763840205554296,-3.024359555910792,-1.0,1.0,2.0,3.1,-0.1631235045772812,-0.0554106364536967,0.192685126424807,-0.0952954507612759,2
660,1777300922548994367,0.1072115898132324,False,-1.390092553034293,0.7871497765736538,1.6931114622922798,0.0550387796197843,-0.0961809270264144,-3.035435978184735,-1.0,1.0,2.0,3.1,-0.0841616610443058,-0.0271877893765107,0.1841331226246321,-0.0886495973969111,2
661,1777300922647893622,0.0988309383392334,False,-1.3480033819176147,0.8113224779840457,1.703246650902873,0.055523238040617,-0.1021073386526144,-3.0332436524696638,-1.0,1.0,2.0,3.1,-0.0848728513487083,-0.030833500655016,0.1780520094582762,-0.0899649928259542,2
662,1777300922752376312,0.1040952205657959,False,-1.310959472828518,0.8298287923172591,1.710740840919181,0.0227823011316921,-0.1176028618230753,-3.0851819158508,-3.0,-1.0,3.0,1.5,0.3,0.3,0.3,-1.0188020347972715,2
663,1777300922849203597,0.0970449447631836,False,-1.272217228706723,0.8517413221361758,1.7212298582183996,0.0590760969603612,-0.0976393745202785,-3.0469392011186995,-3.0,-1.0,3.0,1.5,0.3,0.3,0.3,-1.041747663636532,2
664,1777300922956529274,0.1074821949005127,False,-1.2384577380793795,0.8678572472728455,1.7304014339866371,0.0618836175509012,-0.1208420244925604,-3.0860333530239963,-3.0,-1.0,3.0,1.5,0.3,0.3,0.3,-1.018291172493354,2
665,1777300923043752097,0.0872392654418945,False,-1.2119734013752053,0.8787644868372169,1.7407599179250428,0.0905507695722666,-0.155930215306804,-3.124070866272137,-3.0,-1.0,3.0,1.5,0.3,0.3,0.3,-0.99546866454447,2
666,1777300923147427860,0.103666067123413,False,-1.1867357786244497,0.8854042385265886,1.7541611960440395,0.0988166072367698,-0.1791616972847191,3.098391677482077,-3.0,-1.0,3.0,1.5,0.3,0.3,0.3,-0.959035006489246,2
667,1777300923249477971,0.1020612716674804,False,-1.17330149199527,0.8850664566046542,1.7676990414701514,0.085800708673499,-0.1778430595020141,3.042038831564997,-3.0,-1.0,3.0,1.5,0.3,0.3,0.3,-0.9252232989389984,2
668,1777300923347681837,0.0983514785766601,False,-1.1691479947624344,0.8780215966636465,1.782685017871942,0.0890359964977184,-0.1893195375424289,2.995139544191753,-3.0,-1.0,3.0,1.5,0.3,0.3,0.3,-0.8970837265150517,2
669,1777300923449921389,0.1021363735198974,False,-1.172208919673136,0.8648517407697013,1.7979623257948076,0.0563474431152592,-0.2017153808595773,2.942506913510574,-3.0,-1.0,3.0,1.5,0.3,0.3,0.3,-0.8655041481063445,2
670,1777300923554408058,0.1044819355010986,False,-1.1835360834321182,0.8458957862051834,1.813120442561228,0.0088879047026743,-0.1794484342230985,2.8397738533026518,-3.0,-1.0,3.0,1.5,0.3,0.3,0.3,-0.8038643119815908,2
671,1777300923648142180,0.0937209129333496,False,-1.2019281215567057,0.8264897152455861,1.8271094658178595,0.0363754655499729,-0.1863241859400647,2.8211833632642853,-3.0,-1.0,3.0,1.5,0.3,0.3,0.3,-0.7927100179585712,2
672,1777300923747367147,0.0991771221160888,False,-1.229554788230734,0.8023774961264399,1.8436409458600436,0.0243657498195342,-0.2041734684463091,2.7849572787873105,-3.0,-1.0,3.0,1.5,0.3,0.3,0.3,-0.7709743672723862,2
673,1777300923847739523,0.1004955768585205,False,-1.26345449971628,0.7782677508540149,1.8603384612289804,-0.0013144068013191,-0.1870634818342325,2.716122557022676,-3.0,-1.0,3.0,1.5,0.3,0.3,0.3,-0.7296735342136055,2
674,1777300923950147525,0.1022074222564697,False,-1.302722838517923,0.7523920201831704,1.877523344040381,0.0007052990895108,-0.1949003884712934,2.686723072469101,-3.0,-1.0,3.0,1.5,0.3,0.3,0.3,-0.7120338434814607,2
675,1777300924048038890,0.097923994064331,False,-1.346091923141714,0.7268573024617448,1.8938064828663064,-0.0043852309032242,-0.1938884481641668,2.6475016864465517,-3.0,-1.0,3.0,1.5,0.3,0.3,0.3,-0.6885010118679308,2
676,1777300924152489701,0.1045496463775634,False,-1.3942882509128685,0.7027823219507092,1.910432357968894,-0.0124918835259418,-0.1820102251793728,2.604689290466449,-3.0,-1.0,3.0,1.5,0.2218044703807188,0.3,0.3,-0.6628135742798694,2
677,1777300924262493506,0.1098649501800537,False,-1.4445420437676575,0.6789550453060758,1.925730187677441,-0.0451791361300783,-0.2055856236621819,2.5606404483168284,-3.0,-1.0,3.0,1.5,0.1482922528828455,0.3,0.3,-0.636384268990097,2
678,1777300924357239592,0.0948946475982666,False,-1.4992466481412692,0.6567383337657066,1.9426985194613176,-0.0412486130894412,-0.1764499173764218,2.5103186559217154,-3.0,-1.0,3.0,1.5,0.0420939890787841,0.3,0.3,-0.6061911935530292,2
679,1777300924448918794,0.0916032791137695,False,-1.554687073389719,0.6354702995533609,1.9589200396547235,-0.039086060393148,-0.1554069331414955,2.473291548697021,-3.0,-1.0,3.0,1.5,-0.0267674057458361,0.3,0.3,-0.5839749292182125,2
680,1777300924548295005,0.0993199348449707,False,-1.6113582103463266,0.61469078308006,1.975602027225362,-0.0281595684018179,-0.1445499353990501,2.440084673534024,-3.0,-1.0,3.0,1.5,-0.0790495784778984,0.3,0.3,-0.5640508041204143,2
681,1777300924672890342,0.1246585845947265,False,-1.6669852191488093,0.5938282428096661,1.991460047391836,-0.0171625729650751,-0.1293631264232168,2.405234695093041,-3.0,-1.0,3.0,1.5,-0.1151176285543377,0.3,0.3,-0.5431408170558246,2
682,1777300924748873621,0.0759093761444091,False,-1.7214808600332514,0.5724628058071732,2.009015330501952,-0.0210121365353835,-0.1089489910349301,2.360334811329693,-3.0,-1.0,3.0,1.5,-0.2131614034595797,0.3,0.3,-0.5162008867978158,2
683,1777300924848900217,0.099926471710205,False,-1.771945132624733,0.5493155876914249,2.0253174264363443,-0.0017931668251291,-0.1038284853399182,2.321421462470633,-3.0,-1.0,3.0,1.5,-0.229706098629939,0.3,0.3,-0.4928528774823797,2
684,1777300924947362945,0.0987491607666015,False,-1.8188590647192169,0.5248148829101635,2.041445735480086,-0.0107457301152056,-0.107410283025412,2.298155330515606,-3.0,-1.0,3.0,1.5,-0.2513247552769782,0.3,0.3,-0.4788931983093635,2
685,1777300925059958071,0.1122455596923828,False,-1.865282738632409,0.4948823893669711,2.058854058634026,0.0035436197557263,-0.0982622748346518,2.2653316330690862,-3.0,-1.0,3.0,1.5,-0.2713500675082703,0.3,0.3,-0.4591989798414517,2
686,1777300925157629077,0.0978004932403564,False,-1.9028757887389725,0.4636719252854777,2.0750491572379075,0.0098822460553379,-0.0893620109689963,2.241445975560352,-3.0,-1.0,3.0,1.5,-0.2755516826443555,0.3,0.3,-0.4448675853362113,2
687,1777300925258324145,0.1005265712738037,False,-1.936049934023799,0.4286602265738945,2.0904685696647936,0.0162448394290783,-0.0845144654560771,2.2202968757660373,-3.0,-1.0,3.0,1.5,-0.2732444147877636,0.3,0.3,-0.4321781254596223,2
688,1777300925358406916,0.1002461910247802,False,-1.9648955616489945,0.3891547124954408,2.10628513516875,0.0172989536364525,-0.0828832879385187,2.197512195752472,-3.0,-1.0,3.0,1.5,-0.2657189379960446,0.3,0.3,-0.418507317451483,2
689,1777300925483865830,0.1255393028259277,False,-1.9941278892952223,0.3355934944206715,2.1251737696151043,-0.0055064573242338,-0.0844943997580082,2.164110454397238,-3.0,-1.0,3.0,1.5,-0.2598991684040511,0.3,0.3,-0.3984662726383428,2
690,1777300925550405231,0.0665383338928222,False,-2.0097916217288625,0.3011548740033966,2.137273065078072,-0.0181124902769698,-0.0574459065224623,2.1613421582939725,-3.0,-1.0,3.0,1.5,-0.2280034507368674,0.3,0.3,-0.3968052949763834,2
691,1777300925658814573,0.1085741519927978,False,-2.029865611467657,0.245229486283668,2.154914187317084,-0.0131019496985989,-0.0668733039903658,2.1404716714717167,-3.0,-1.0,3.0,1.5,-0.2149894173762415,0.3,0.3,-0.38428300288303,2
692,1777300925757342587,0.0983119010925293,False,-2.0459620998811827,0.1944406936507864,2.1688789717490704,-0.0173542165278318,-0.0918723628226135,2.0955792664598416,-3.0,-1.0,3.0,1.5,-0.223909260918803,0.3,0.3,-0.3573475598759049,2
693,1777300925857624966,0.1004209518432617,False,-2.0606585024823034,0.1386942960688252,2.1859992900914564,-0.017311653093039,-0.0948947428249687,2.083952230925032,-3.0,-1.0,3.0,1.5,-0.1949938952547151,0.3,0.3,-0.3503713385550189,2
694,1777300925959566596,0.1016273498535156,False,-2.075380674699013,0.083565322449558,2.20214903238453,-0.0256633666755522,-0.1085534062220549,2.0647436195315785,-3.0,-1.0,3.0,1.5,-0.1867250285206089,0.3,0.3,-0.3388461717189471,2
695,1777300926058740736,0.0994265079498291,False,-2.0899892052162663,0.026486455321038,2.2197916632994663,-0.0294888934930994,-0.1110804834527479,2.0516116189113744,-3.0,-1.0,3.0,1.5,-0.1612208840780013,0.3,0.3,-0.3309669713468247,2
696,1777300926152371516,0.0936052799224853,False,-2.104217940460152,-0.0237969660311236,2.2349918468071968,-0.0318396319222139,-0.1167266611632046,2.035699266021897,-3.0,-1.0,3.0,1.5,-0.1589831578399513,0.3,0.3,-0.3214195596131385,2
697,1777300926257485584,0.1050851345062255,False,-2.1232456771650114,-0.0848739599385183,2.2537293094297213,-0.0496493135461813,-0.1136140447297201,2.023966172659833,-3.0,-1.0,3.0,1.5,-0.1303569296812655,0.3,0.3,-0.3143797035958997,2
698,1777300926358288874,0.1006011962890625,False,-2.143253717446946,-0.1372314543252192,2.2697719766494444,-0.0404693260307773,-0.092615159337241,2.025334672578901,-3.0,-1.0,3.0,1.5,-0.125323735757141,0.3,0.3,-0.3152008035473406,2
699,1777300926456464206,0.0984222888946533,False,-2.163497958404609,-0.1788562576671539,2.280959609442993,-0.0523760766729989,-0.1038520419227081,2.0048951702812112,-3.0,-1.0,3.0,1.5,-0.1467380853787417,0.3,0.3,-0.3029371021687267,2
700,1777300926557477798,0.1008696556091308,False,-2.189732826701493,-0.2321349960540016,2.2983282897050943,-0.0624198294543719,-0.1194871088767914,1.9668249946187728,-3.0,-1.0,3.0,1.5,-0.1214250840456196,0.3,0.3,-0.2800949967712638,2
701,1777300926657444471,0.1001012325286865,False,-2.2157526123399505,-0.2809536983156326,2.316445771050014,-0.0539370718981194,-0.1011484082979097,1.964347284846128,-3.0,-1.0,3.0,1.5,-0.1127851048517093,0.3,0.3,-0.2786083709076768,2
702,1777300926753528073,0.0960993766784668,False,-2.234903527474074,-0.3134217466526341,2.328490201192954,-0.0724168673395408,-0.1162208623436003,1.937385041405281,-3.0,-1.0,3.0,1.5,-0.1468396387639057,0.3,0.3,-0.2624310248431685,2
703,1777300926855474770,0.1019139289855957,False,-2.2700885398376127,-0.3685579353974724,2.3504397769219283,-0.0558239724997382,-0.1051399517440565,1.92679445459614,-3.0,-1.0,3.0,1.5,-0.0864462096154746,0.3,0.3,-0.2560766727576837,2
704,1777300926961329050,0.1058840751647949,False,-2.305368613306781,-0.4163266520888987,2.3714995905973137,-0.0660118109530731,-0.1089780857913182,1.8900502384690128,-3.0,-1.0,3.0,1.5,-0.104567875816346,0.3,0.3,-0.2340301430814078,2
705,1777300927057757409,0.0964369773864746,False,-2.33981453382856,-0.4583652153637369,2.3916641651103885,-0.079037601330201,-0.1178955454771189,1.8709369904881048,-3.0,-1.0,3.0,1.5,-0.1000926208612156,0.3,0.3,-0.2225621942928631,2
706,1777300927169678151,0.111743688583374,False,-2.3792203200921604,-0.5026177265904475,2.414503036472313,-0.0847815407264302,-0.0985113727073192,1.8870919803273356,-3.0,-1.0,3.0,1.5,-0.0877649734802386,0.3,0.3,-0.2322551881964013,2
707,1777300927262758922,0.0930171012878418,False,-2.409631034134463,-0.532837200289178,2.4305975389199226,-0.0773866961858405,-0.0888405692872523,1.8734784058190947,-3.0,-1.0,3.0,1.5,-0.0981712248067787,0.2989955615747417,0.3,-0.2240870434914568,2
708,1777300927365674726,0.1031529903411865,False,-2.4557872545840325,-0.5748922070416058,2.4557378117839432,-0.0860563698321232,-0.105510819244296,1.851558852575044,-3.0,-1.0,3.0,1.5,-0.0742761698508179,0.2215473167554229,0.3,-0.2109353115450264,2
709,1777300927464503470,0.0987908840179443,False,-2.493947759819917,-0.6066766847530441,2.475067418988265,-0.1039645163884245,-0.1134723133315583,1.8266211870259508,-3.0,-1.0,3.0,1.5,-0.0874257489870718,0.2169312399049476,0.3,-0.1959727122155703,2
710,1777300927573076548,0.1085937023162841,False,-2.54400532715728,-0.6471117998346839,2.499777636844904,-0.0849145455932293,-0.0946378214088103,1.8489254724657271,-3.0,-1.0,3.0,1.5,-0.059033420875313,0.1575716153804509,0.3,-0.2093552834794364,2
711,1777300927669239847,0.0961241722106933,False,-2.580263548899821,-0.6727064694010575,2.51590161397704,-0.0782166264464565,-0.085263364510475,1.8390376218362725,-3.0,-1.0,3.0,1.5,-0.0755744821663177,0.1645975102813925,0.2904590316137763,-0.2034225731017635,2
712,1777300927806710438,0.1373708248138427,False,-2.6352867948180734,-0.7074652698755439,2.540307213335032,-0.0990698514836456,-0.0722670622744248,1.8301206804971368,-3.0,-1.0,3.0,1.5,-0.0709812068288593,0.120908620445114,0.2758156719989806,-0.1980724082982821,2
713,1777300927857682111,0.0510025024414062,False,-2.6577005692509057,-0.7207660975794395,2.550633976180912,-0.0992445104947411,-0.0694212228603507,1.828271763835802,-3.0,-1.0,3.0,1.5,-0.0676338640316285,0.0938565806034485,0.2696196142914527,-0.1969630583014812,2
714,1777300927958489198,0.1008744239807128,False,-2.692392564833558,-0.7426457772021289,2.568974587840968,-0.0762305002149118,-0.0638279423471128,1.823951022183521,-3.0,-1.0,3.0,1.5,-0.0661098312350485,0.1011731561434911,0.258615247295419,-0.1943706133101125,2
715,1777300928058290940,0.0998172760009765,False,-2.724334074903956,-0.7593171855171698,2.584035457671466,-0.1002191985338108,-0.0629274585588283,1.8169070720402851,-3.0,-1.0,3.0,1.5,-0.0745541906229843,0.0902840277488691,0.2495787253971203,-0.1901442432241712,2
716,1777300928160108606,0.1017513275146484,False,-2.7523952326691363,-0.7749213244285221,2.5990209908477957,-0.0987606485215556,-0.0482125313247146,1.8144800534654983,-3.0,-1.0,3.0,1.5,-0.070526875816745,0.0853671109715193,0.2405874054913228,-0.188688032079299,2
717,1777300928257042732,0.096963882446289,False,-2.7765087093281164,-0.7889166257538609,2.6134096331168144,-0.1029533521076299,-0.0558067458132866,1.804981906132903,-3.0,-1.0,3.0,1.5,-0.0672698002838258,0.0772067096243084,0.2319542201299113,-0.1829891436797418,2
